time,temperature_2m_mean,temperature_2m_max,temperature_2m_min,relative_humidity_2m_mean,precipitation_sum,rain_sum,cloud_cover_mean,pressure_msl_mean,wind_speed_10m_max,wind_direction_10m_dominant,sunshine_duration
2020-01-01,20.9,25.9,15.6,75,0.0,0.0,0,1013.7,13.2,350,37281.26
2020-01-02,21.9,26.7,17.7,77,0.0,0.0,10,1015.8,16.1,337,36992.17
2020-01-03,21.8,26.5,18.5,75,0.0,0.0,43,1015.2,23.5,348,36971.84
2020-01-04,21.6,25.9,18.3,67,0.0,0.0,32,1013.5,21.4,345,37488.6
2020-01-05,23.1,29.7,18.4,66,0.0,0.0,0,1012.7,16.8,30,37467.29
2020-01-06,24.6,30.6,20.7,63,0.0,0.0,0,1013.4,17.1,28,37445.71
2020-01-07,23.9,28.0,20.3,76,0.0,0.0,3,1012.9,18.9,313,37423.94
2020-01-08,23.8,27.4,20.9,76,0.0,0.0,11,1013.1,17.3,330,37669.86
2020-01-09,22.6,27.6,19.2,59,0.0,0.0,0,1013.5,23.4,349,37915.14
2020-01-10,23.7,30.8,19.0,61,0.0,0.0,19,1012.5,19.1,21,37892.57
2020-01-11,25.3,32.1,21.1,66,0.0,0.0,4,1013.1,15.5,39,37602.94
2020-01-12,24.8,30.1,20.4,73,0.0,0.0,3,1013.2,17.3,319,38380.88
2020-01-13,23.9,27.7,21.7,84,0.4,0.4,9,1012.2,17.0,324,38091.38
2020-01-14,23.1,26.8,20.8,79,0.2,0.2,22,1012.2,21.5,348,38600.93
2020-01-15,21.9,25.3,19.3,63,0.0,0.0,3,1012.8,22.0,338,38819.65
2020-01-16,20.3,24.2,17.2,64,0.0,0.0,3,1014.3,21.1,348,38857.51
2020-01-17,19.4,24.5,15.9,56,0.0,0.0,0,1014.6,24.4,350,38895.61
2020-01-18,21.3,27.8,15.3,62,0.0,0.0,2,1013.1,17.9,350,38933.9
2020-01-19,23.0,29.1,17.9,64,0.0,0.0,0,1013.0,16.8,342,38972.29
2020-01-20,23.5,30.8,18.4,71,0.0,0.0,0,1013.0,16.6,346,39010.74
2020-01-21,23.5,29.2,18.9,73,0.0,0.0,1,1014.0,16.6,328,39049.18
2020-01-22,24.3,30.7,19.0,65,0.0,0.0,4,1014.7,18.7,345,39087.55
2020-01-23,25.6,31.8,21.7,62,0.0,0.0,3,1013.7,22.2,351,39125.8
2020-01-24,25.3,31.8,21.1,66,0.0,0.0,0,1013.3,19.6,355,39163.86
2020-01-25,25.1,30.6,20.4,64,0.0,0.0,19,1013.2,20.3,343,39201.67
2020-01-26,24.4,30.4,19.6,71,0.0,0.0,0,1011.7,15.5,327,39239.17
2020-01-27,23.7,28.0,20.3,77,0.0,0.0,0,1011.6,15.1,302,39276.31
2020-01-28,22.8,26.5,19.9,79,1.0,1.0,25,1012.8,18.8,305,39313.01
2020-01-29,21.8,24.7,18.4,63,0.0,0.0,14,1015.5,21.9,337,39349.24
2020-01-30,21.0,27.5,15.9,59,0.0,0.0,13,1014.5,21.1,347,39384.93
2020-01-31,21.1,26.1,15.9,62,0.0,0.0,5,1012.4,20.7,337,39420.02
2020-02-01,22.3,28.2,17.7,61,0.0,0.0,0,1012.0,22.2,338,39454.45
2020-02-02,23.0,29.3,18.4,73,0.0,0.0,16,1013.5,15.2,328,39488.18
2020-02-03,22.7,27.0,17.9,81,0.0,0.0,56,1014.3,14.1,289,39521.2
2020-02-04,23.2,28.0,19.6,70,0.0,0.0,36,1013.2,19.1,343,39553.76
2020-02-05,23.1,29.3,18.4,52,0.0,0.0,20,1012.9,20.0,339,39585.92
2020-02-06,22.6,27.2,19.0,61,0.0,0.0,32,1013.0,18.7,335,39600.0
2020-02-07,21.5,26.7,17.5,59,0.0,0.0,0,1014.0,22.9,334,39600.0
2020-02-08,22.7,29.4,17.2,63,0.0,0.0,2,1013.9,25.8,349,39600.0
2020-02-09,24.7,30.9,20.8,52,0.0,0.0,5,1013.8,27.4,14,39600.0
2020-02-10,25.8,31.8,21.9,56,0.0,0.0,4,1012.7,19.6,22,39600.0
2020-02-11,26.8,33.2,22.4,59,0.0,0.0,38,1012.8,17.3,11,36845.68
2020-02-12,27.9,34.6,23.1,56,0.0,0.0,45,1014.3,17.1,30,32980.01
2020-02-13,27.9,34.1,23.6,54,0.0,0.0,25,1014.5,23.1,3,39600.0
2020-02-14,27.7,33.1,23.7,43,0.0,0.0,3,1012.9,22.2,353,39600.0
2020-02-15,25.6,31.1,21.9,46,0.0,0.0,0,1012.3,22.3,338,39600.0
2020-02-16,25.1,31.4,20.8,61,0.0,0.0,0,1012.8,17.9,332,39600.0
2020-02-17,26.2,33.7,20.6,61,0.0,0.0,0,1013.2,16.3,325,39600.0
2020-02-18,27.2,34.3,22.0,57,0.0,0.0,0,1012.7,19.3,342,39600.0
2020-02-19,26.1,31.9,21.2,69,0.0,0.0,0,1012.1,16.3,318,39600.0
2020-02-20,25.1,30.8,20.7,74,0.0,0.0,26,1011.7,19.2,331,39600.0
2020-02-21,25.0,30.5,21.2,70,0.0,0.0,8,1013.8,20.4,332,39600.0
2020-02-22,25.7,32.2,20.8,58,0.0,0.0,36,1014.6,18.6,337,39600.0
2020-02-23,26.5,32.9,21.4,51,0.0,0.0,0,1013.3,20.7,336,39600.0
2020-02-24,25.6,31.2,20.0,54,0.0,0.0,15,1011.3,22.1,333,39600.0
2020-02-25,27.2,34.3,23.0,38,0.0,0.0,17,1010.4,25.7,359,39600.0
2020-02-26,27.1,34.6,22.9,37,0.0,0.0,1,1011.0,22.2,10,39600.0
2020-02-27,26.3,35.6,20.2,47,0.0,0.0,0,1011.1,18.2,7,39600.0
2020-02-28,25.6,32.2,20.0,54,0.0,0.0,0,1009.8,19.4,336,39600.0
2020-02-29,25.5,31.4,20.2,61,0.0,0.0,2,1009.6,22.4,324,39600.0
2020-03-01,25.0,29.7,20.7,69,0.0,0.0,1,1010.8,21.2,328,39600.0
2020-03-02,24.4,29.1,20.5,78,0.0,0.0,1,1011.7,15.8,302,39698.63
2020-03-03,24.4,28.5,20.7,80,0.1,0.1,16,1012.2,15.7,290,39600.0
2020-03-04,24.5,28.1,21.0,76,0.0,0.0,13,1011.9,18.0,303,39600.0
2020-03-05,24.4,28.2,21.2,75,0.0,0.0,16,1010.7,18.8,283,39600.0
2020-03-06,24.9,28.4,22.0,68,0.0,0.0,17,1010.7,20.3,263,39600.0
2020-03-07,24.0,27.8,20.8,65,0.0,0.0,10,1012.6,18.2,322,39600.0
2020-03-08,23.3,28.1,18.8,67,0.0,0.0,0,1012.4,18.6,324,40042.08
2020-03-09,23.7,28.5,19.1,74,0.0,0.0,0,1011.3,19.0,321,40017.23
2020-03-10,24.5,28.1,20.7,75,0.0,0.0,11,1011.2,15.6,299,39748.45
2020-03-11,24.6,28.0,22.4,65,0.0,0.0,6,1012.0,21.1,310,39967.66
2020-03-12,23.6,27.2,20.4,71,0.0,0.0,15,1013.7,20.1,329,39268.92
2020-03-13,23.2,28.6,18.6,62,0.0,0.0,42,1014.0,27.1,342,40405.71
2020-03-14,24.7,31.8,19.3,50,0.0,0.0,4,1012.0,27.7,350,40624.74
2020-03-15,26.2,34.0,18.6,40,0.0,0.0,46,1010.1,18.1,352,39869.67
2020-03-16,27.3,35.7,20.3,45,0.0,0.0,4,1010.6,21.1,345,40818.51
2020-03-17,27.3,34.1,22.0,54,0.0,0.0,2,1011.6,20.5,325,40063.29
2020-03-18,27.5,32.9,23.1,57,0.0,0.0,4,1011.9,16.4,318,40524.65
2020-03-19,26.0,31.4,21.2,67,0.0,0.0,5,1011.8,18.5,325,41229.04
2020-03-20,25.4,29.4,21.9,76,0.0,0.0,10,1012.0,14.8,292,40230.39
2020-03-21,25.0,29.3,20.9,78,0.0,0.0,5,1011.9,18.5,310,40934.56
2020-03-22,25.9,30.2,22.0,78,0.0,0.0,4,1011.4,23.7,332,41395.49
2020-03-23,27.5,32.9,23.2,72,0.0,0.0,5,1010.1,21.6,330,41126.71
2020-03-24,28.3,32.5,23.3,65,0.0,0.0,11,1008.3,22.7,324,41587.9
2020-03-25,28.2,32.0,25.4,75,0.0,0.0,20,1008.4,15.7,242,40589.27
2020-03-26,28.0,31.9,24.6,80,0.0,0.0,14,1009.5,18.3,241,41781.17
2020-03-27,28.6,33.2,24.8,65,0.0,0.0,15,1011.4,25.0,336,40782.52
2020-03-28,28.8,34.1,25.4,55,0.0,0.0,7,1011.0,28.3,335,41975.69
2020-03-29,28.6,34.4,24.4,56,0.0,0.0,0,1009.4,24.5,337,42439.05
2020-03-30,28.2,33.1,24.6,63,0.0,0.0,0,1009.8,18.0,319,42744.43
2020-03-31,27.6,32.1,23.8,67,0.0,0.0,15,1010.9,22.4,323,42392.7
2020-04-01,27.4,32.1,22.9,70,0.0,0.0,2,1010.5,23.7,330,42843.96
2020-04-02,28.3,34.5,23.7,64,0.0,0.0,4,1008.7,22.7,327,42892.83
2020-04-03,28.0,32.4,24.3,71,0.0,0.0,12,1009.2,22.2,321,42940.99
2020-04-04,27.6,32.3,23.5,72,0.0,0.0,0,1009.8,22.1,315,42988.95
2020-04-05,27.3,32.3,22.8,77,0.0,0.0,0,1010.7,18.2,287,43037.06
2020-04-06,27.3,30.9,23.1,80,0.0,0.0,46,1011.6,17.4,230,42998.06
2020-04-07,26.8,30.9,23.6,80,0.0,0.0,66,1010.8,16.4,281,43133.5
2020-04-08,27.2,31.1,22.8,76,0.0,0.0,4,1011.7,18.5,275,43181.69
2020-04-09,26.8,31.3,22.5,77,0.0,0.0,0,1011.1,23.5,320,43200.0
2020-04-10,27.5,31.8,23.1,76,0.0,0.0,6,1010.6,23.0,322,43200.0
2020-04-11,28.9,33.4,24.6,71,0.0,0.0,10,1011.3,20.1,320,43200.0
2020-04-12,29.0,33.3,25.6,75,0.0,0.0,4,1010.6,18.4,254,43200.0
2020-04-13,28.7,33.2,25.3,80,0.0,0.0,14,1009.3,19.0,223,43200.0
2020-04-14,29.5,34.4,24.9,75,0.0,0.0,26,1009.0,22.4,271,43200.0
2020-04-15,29.7,34.5,25.5,75,0.0,0.0,32,1009.9,20.3,250,43200.0
2020-04-16,29.1,32.3,26.6,81,0.0,0.0,17,1009.5,18.6,212,43200.0
2020-04-17,29.0,32.1,26.9,78,0.0,0.0,11,1009.0,18.3,245,43200.0
2020-04-18,29.3,33.4,26.0,77,0.0,0.0,16,1009.3,20.8,280,43200.0
2020-04-19,30.1,34.0,26.8,71,0.0,0.0,16,1008.9,22.8,305,43200.0
2020-04-20,31.0,36.7,25.5,58,0.0,0.0,0,1008.2,24.8,330,43200.0
2020-04-21,28.7,33.4,24.5,73,0.0,0.0,2,1009.3,19.2,304,43200.0
2020-04-22,28.8,32.3,25.1,80,0.0,0.0,5,1008.7,22.3,272,43200.0
2020-04-23,29.4,33.0,26.7,75,0.0,0.0,32,1009.0,20.2,271,43200.0
2020-04-24,29.0,33.1,25.4,79,0.0,0.0,1,1008.1,19.9,285,43200.0
2020-04-25,29.1,32.7,26.2,74,0.0,0.0,4,1009.2,17.5,267,43200.0
2020-04-26,28.4,32.3,24.5,78,0.0,0.0,7,1009.4,23.1,304,43200.0
2020-04-27,28.7,32.1,25.8,75,0.1,0.1,17,1010.6,21.3,294,42648.37
2020-04-28,29.3,33.5,25.3,75,0.0,0.0,3,1009.0,27.2,327,43200.0
2020-04-29,29.8,33.4,26.1,77,0.0,0.0,8,1008.7,18.5,270,43200.0
2020-04-30,29.8,32.5,27.8,77,0.0,0.0,21,1010.1,18.1,256,43200.0
2020-05-01,29.7,32.6,28.3,76,0.1,0.1,40,1010.2,18.3,282,41432.38
2020-05-02,29.7,32.8,27.4,78,0.0,0.0,20,1008.8,21.7,299,43200.0
2020-05-03,29.7,32.8,27.7,77,0.0,0.0,16,1008.5,20.8,309,43200.0
2020-05-04,29.2,32.5,25.8,80,0.0,0.0,9,1009.4,20.0,301,43200.0
2020-05-05,29.6,33.0,26.1,79,0.0,0.0,6,1008.6,22.8,308,43200.0
2020-05-06,29.8,34.0,26.6,80,0.0,0.0,0,1007.5,23.0,294,43200.0
2020-05-07,28.9,32.7,25.4,81,0.0,0.0,11,1008.3,20.5,279,43200.0
2020-05-08,29.3,32.8,26.5,77,0.0,0.0,20,1008.5,18.8,283,43200.0
2020-05-09,29.5,32.6,27.3,76,0.0,0.0,15,1008.7,20.6,298,43200.0
2020-05-10,29.5,33.4,26.4,78,0.0,0.0,9,1008.2,23.5,308,43200.0
2020-05-11,29.8,34.1,26.7,76,0.0,0.0,9,1008.6,23.0,311,43200.0
2020-05-12,29.1,33.2,26.1,77,0.0,0.0,10,1008.0,20.8,314,43200.0
2020-05-13,29.5,33.1,26.3,79,0.0,0.0,23,1007.4,20.1,298,42722.4
2020-05-14,30.0,33.3,26.9,77,0.0,0.0,8,1006.6,24.3,313,43200.0
2020-05-15,30.3,33.3,27.9,75,0.0,0.0,26,1006.7,23.6,314,43200.0
2020-05-16,30.3,32.6,28.4,75,0.0,0.0,41,1006.7,19.1,306,43200.0
2020-05-17,30.0,32.9,27.8,75,0.0,0.0,33,1006.2,21.7,305,41598.74
2020-05-18,30.2,32.6,28.6,73,0.0,0.0,52,1005.7,23.0,308,42600.76
2020-05-19,29.9,32.5,28.1,72,0.1,0.1,43,1005.2,19.4,295,42002.07
2020-05-20,29.8,32.6,27.8,71,0.0,0.0,30,1005.3,17.4,267,43200.0
2020-05-21,29.8,32.8,27.8,72,0.0,0.0,23,1006.5,18.6,269,43200.0
2020-05-22,29.8,32.8,27.2,74,0.0,0.0,24,1007.7,17.7,275,42820.58
2020-05-23,29.5,33.2,26.3,78,0.0,0.0,10,1007.4,22.1,299,43200.0
2020-05-24,30.1,32.9,28.1,75,0.0,0.0,22,1007.9,21.3,300,42936.9
2020-05-25,30.1,32.9,28.1,76,0.2,0.2,30,1008.4,18.9,300,42925.51
2020-05-26,30.0,32.9,28.0,76,0.0,0.0,21,1008.5,18.0,276,43200.0
2020-05-27,30.0,33.0,28.2,74,0.2,0.2,22,1008.1,17.5,274,42906.79
2020-05-28,30.4,32.9,28.4,70,0.0,0.0,35,1007.3,17.7,261,43200.0
2020-05-29,30.5,33.6,28.5,72,0.3,0.3,27,1007.3,18.7,263,43200.0
2020-05-30,30.3,33.6,27.6,75,0.4,0.4,9,1007.7,17.5,290,43200.0
2020-05-31,30.8,34.6,28.2,71,0.3,0.3,34,1007.8,23.4,307,43200.0
2020-06-01,29.0,31.2,27.1,78,6.9,6.9,98,1008.2,13.8,238,3300.22
2020-06-02,27.9,30.1,25.9,81,11.6,11.6,100,1005.2,19.7,42,0.0
2020-06-03,26.4,28.5,25.2,85,144.5,144.5,100,997.6,58.6,2,0.0
2020-06-04,27.6,29.1,26.7,84,10.0,10.0,81,1005.1,21.5,229,26487.17
2020-06-05,27.5,29.8,26.2,86,7.9,7.9,58,1006.4,25.2,194,39100.99
2020-06-06,27.1,29.0,25.7,87,8.2,8.2,73,1006.1,23.3,196,36597.11
2020-06-07,27.2,28.9,26.0,87,5.4,5.4,69,1006.3,23.3,197,35351.25
2020-06-08,27.0,28.5,25.7,87,8.0,8.0,68,1006.6,19.3,206,35728.91
2020-06-09,27.5,29.1,26.2,89,4.8,4.8,67,1006.5,14.5,211,42654.14
2020-06-10,27.7,29.9,26.6,90,9.7,9.7,81,1005.5,14.6,225,36506.54
2020-06-11,27.5,29.0,26.5,89,8.1,8.1,97,1003.4,15.3,215,30127.0
2020-06-12,27.5,28.8,26.4,88,4.2,4.2,98,1001.3,12.8,196,15128.99
2020-06-13,27.2,28.5,26.0,89,12.0,12.0,98,1001.2,13.3,202,16403.05
2020-06-14,27.8,29.8,26.0,88,4.6,4.6,99,1002.7,15.6,188,24906.14
2020-06-15,27.5,29.7,26.5,90,19.4,19.4,94,1002.5,14.8,210,24353.7
2020-06-16,27.2,28.4,26.5,89,27.9,27.9,97,1001.7,15.5,214,8775.06
2020-06-17,26.9,28.7,25.8,91,18.9,18.9,95,1001.8,20.6,178,24247.98
2020-06-18,26.9,28.2,25.9,90,30.1,30.1,99,1003.8,27.2,201,4363.95
2020-06-19,27.5,28.9,26.5,90,5.3,5.3,98,1005.7,20.5,203,33586.79
2020-06-20,27.6,29.0,26.8,89,4.9,4.9,89,1006.4,19.4,200,26114.0
2020-06-21,27.1,28.4,26.1,91,9.9,9.9,81,1005.5,19.1,203,35462.65
2020-06-22,27.2,28.7,26.0,89,5.8,5.8,83,1003.8,20.5,201,36548.9
2020-06-23,27.2,29.1,25.9,87,4.9,4.9,62,1004.5,28.0,186,41359.45
2020-06-24,27.7,29.3,26.0,86,3.0,3.0,44,1005.1,21.7,187,41076.34
2020-06-25,28.1,30.0,26.2,85,10.2,10.2,65,1004.5,18.1,199,40381.22
2020-06-26,28.0,29.6,26.6,87,10.5,10.5,97,1004.2,12.7,203,27251.19
2020-06-27,28.2,29.9,26.8,85,5.2,5.2,97,1004.6,15.9,209,28179.75
2020-06-28,28.1,30.2,26.4,86,14.9,14.9,80,1004.7,18.2,213,36349.63
2020-06-29,27.2,28.2,26.2,89,17.9,17.9,98,1004.0,11.6,219,812.97
2020-06-30,27.3,28.3,26.4,89,18.2,18.2,96,1002.6,18.1,181,10599.81
2020-07-01,27.1,28.6,26.1,90,12.3,12.3,82,1003.5,22.5,187,29511.73
2020-07-02,27.2,29.4,26.0,89,18.1,18.1,78,1003.3,20.8,208,31568.78
2020-07-03,27.1,29.4,26.2,89,34.2,34.2,95,1002.6,20.2,245,29544.84
2020-07-04,26.7,27.4,26.0,92,169.8,169.8,100,1000.5,35.5,250,0.0
2020-07-05,26.9,28.2,26.3,90,59.5,59.5,100,1000.7,28.9,230,0.0
2020-07-06,27.3,28.9,26.1,88,24.9,24.9,96,999.6,37.7,221,29839.6
2020-07-07,27.1,28.1,26.2,91,41.8,41.8,97,1000.7,28.2,225,11215.02
2020-07-08,26.9,28.2,25.7,91,26.4,26.4,84,1004.2,24.7,210,31364.48
2020-07-09,26.9,28.0,26.3,91,10.7,10.7,90,1004.3,20.9,204,16658.28
2020-07-10,27.0,28.4,26.1,90,12.3,12.3,95,1004.7,23.5,207,15508.08
2020-07-11,26.7,27.9,25.6,90,10.9,10.9,81,1004.8,23.7,212,30868.06
2020-07-12,26.7,28.0,25.8,90,19.3,19.3,90,1005.0,19.0,215,24911.31
2020-07-13,26.6,27.9,25.8,91,34.6,34.6,95,1004.3,18.2,230,26047.49
2020-07-14,26.7,28.4,25.8,91,35.7,35.7,99,1003.7,15.9,243,18305.43
2020-07-15,26.3,27.3,25.7,92,45.5,45.5,100,1002.0,19.8,255,517.95
2020-07-16,26.2,27.5,25.6,92,45.8,45.8,96,999.2,28.0,213,9483.05
2020-07-17,26.6,28.0,25.7,91,22.7,22.7,77,999.2,30.1,193,33902.36
2020-07-18,26.7,28.0,25.9,91,11.7,11.7,83,1003.0,26.1,186,30304.81
2020-07-19,27.2,28.8,25.7,89,6.3,6.3,84,1005.7,18.2,207,38664.83
2020-07-20,27.1,28.1,26.3,91,5.5,5.5,97,1004.2,14.3,205,23145.82
2020-07-21,27.0,28.7,26.0,89,5.9,5.9,97,1004.8,16.2,196,14895.47
2020-07-22,27.6,29.2,26.3,88,2.7,2.7,91,1006.0,14.8,205,32101.07
2020-07-23,27.3,28.9,26.1,90,5.2,5.2,98,1005.4,9.7,225,18820.06
2020-07-24,26.8,27.8,26.1,90,18.9,18.9,98,1006.0,11.5,201,5854.81
2020-07-25,27.0,28.3,25.9,88,7.6,7.6,92,1006.1,17.1,196,32041.64
2020-07-26,26.9,28.7,25.4,87,10.8,10.8,55,1007.0,18.7,182,38074.33
2020-07-27,26.6,28.6,25.3,90,21.4,21.4,80,1007.9,17.2,227,29046.86
2020-07-28,27.0,28.4,25.9,89,7.5,7.5,98,1006.6,14.8,254,26432.1
2020-07-29,26.9,28.7,25.9,90,27.4,27.4,94,1004.6,14.9,257,24882.15
2020-07-30,26.5,28.0,25.5,92,107.7,107.7,98,1004.3,15.9,239,7369.65
2020-07-31,27.2,28.8,26.1,89,9.2,9.2,89,1004.0,15.4,205,33253.09
2020-08-01,27.5,29.2,25.9,88,3.1,3.1,88,1003.3,20.0,186,37753.54
2020-08-02,27.6,29.6,26.2,86,1.7,1.7,79,1002.4,26.8,174,39870.41
2020-08-03,26.7,28.0,26.1,90,37.3,37.3,95,1000.2,34.4,212,11721.86
2020-08-04,26.8,27.3,26.5,90,153.3,153.3,99,996.7,45.9,232,0.0
2020-08-05,26.5,26.9,26.0,92,144.1,144.1,99,995.1,40.2,259,0.0
2020-08-06,27.2,28.2,26.5,89,55.4,55.4,98,995.5,48.1,241,7855.8
2020-08-07,27.1,28.4,26.2,89,12.5,12.5,82,1001.5,32.1,223,26997.79
2020-08-08,27.2,28.9,25.9,86,8.9,8.9,83,1004.7,30.4,232,34200.83
2020-08-09,27.2,28.5,25.8,86,5.0,5.0,92,1004.2,23.1,241,8600.58
2020-08-10,26.2,27.1,25.5,92,15.0,15.0,98,1004.1,17.4,228,10673.01
2020-08-11,26.1,26.9,25.4,91,27.5,27.5,100,1005.7,19.9,231,0.0
2020-08-12,26.3,27.6,25.6,91,27.5,27.5,100,1006.8,25.1,240,0.0
2020-08-13,26.2,27.4,25.6,91,28.5,28.5,98,1004.8,26.7,241,4753.77
2020-08-14,25.7,26.3,25.4,92,57.1,57.1,100,1002.8,27.6,228,0.0
2020-08-15,25.9,26.8,25.4,92,48.6,48.6,100,1002.7,25.6,234,598.21
2020-08-16,26.2,27.3,25.8,91,34.6,34.6,97,1003.5,23.9,244,0.0
2020-08-17,25.8,26.5,25.3,91,33.4,33.4,100,1003.4,23.2,240,0.0
2020-08-18,25.9,26.7,25.4,92,17.5,17.5,99,1004.7,22.5,230,13283.01
2020-08-19,26.4,28.3,25.4,90,12.1,12.1,94,1004.2,27.1,241,34075.67
2020-08-20,26.0,27.4,25.4,92,36.8,36.8,97,1003.3,20.8,240,14754.77
2020-08-21,26.1,27.2,25.2,92,42.8,42.8,100,1004.3,22.8,231,2005.08
2020-08-22,26.4,27.5,25.6,91,14.1,14.1,100,1005.2,24.6,231,4174.82
2020-08-23,26.5,27.9,25.3,89,8.6,8.6,99,1005.7,27.2,228,28103.22
2020-08-24,26.9,28.7,25.5,87,8.0,8.0,73,1006.3,27.9,229,41249.78
2020-08-25,27.0,28.6,25.8,86,3.6,3.6,65,1008.6,25.8,226,38638.13
2020-08-26,26.9,28.9,25.5,86,4.7,4.7,57,1008.9,21.7,217,41211.02
2020-08-27,26.0,27.4,25.2,91,9.8,9.8,95,1007.9,17.6,218,25568.4
2020-08-28,25.7,26.9,25.3,92,29.7,29.7,98,1006.1,20.1,221,7874.47
2020-08-29,25.5,26.0,25.1,93,34.5,34.5,100,1005.5,21.0,226,0.0
2020-08-30,25.8,26.5,25.3,92,21.6,21.6,100,1005.7,24.1,216,4830.21
2020-08-31,26.2,27.3,25.1,90,14.4,14.4,69,1007.7,21.8,219,39411.4
2020-09-01,26.2,27.9,24.9,91,3.7,3.7,68,1009.1,13.0,237,39871.94
2020-09-02,27.0,29.1,25.4,87,2.4,2.4,87,1008.4,18.3,317,36477.18
2020-09-03,27.5,29.7,25.8,87,1.2,1.2,57,1007.4,15.0,338,39360.02
2020-09-04,28.0,30.9,25.6,88,3.3,3.3,45,1006.6,13.2,338,42195.84
2020-09-05,28.0,30.3,25.3,88,0.6,0.6,55,1006.1,13.5,313,39844.67
2020-09-06,28.0,30.2,26.9,91,10.1,10.1,84,1005.3,13.6,327,20583.05
2020-09-07,27.4,28.8,26.3,88,2.7,2.7,91,1006.7,19.8,201,14283.38
2020-09-08,27.1,29.3,25.1,89,12.4,12.4,89,1007.3,14.3,328,31338.43
2020-09-09,27.9,29.8,26.5,89,5.1,5.1,82,1005.7,14.3,329,40227.4
2020-09-10,27.4,29.1,25.9,89,4.8,4.8,95,1003.9,12.5,236,30506.47
2020-09-11,27.1,28.7,26.1,91,27.5,27.5,94,1003.3,13.4,311,21351.85
2020-09-12,26.7,28.8,25.3,88,5.4,5.4,84,1004.1,39.3,194,36871.35
2020-09-13,27.1,28.1,26.1,83,6.4,6.4,89,1007.0,25.2,226,36424.95
2020-09-14,26.7,28.2,25.8,89,7.7,7.7,96,1006.7,13.3,220,28939.34
2020-09-15,26.4,28.2,25.2,90,8.7,8.7,98,1006.4,12.0,198,30350.63
2020-09-16,26.4,28.1,25.0,90,9.3,9.3,98,1006.7,11.7,249,22962.75
2020-09-17,26.7,27.9,25.7,89,10.6,10.6,96,1007.0,14.9,264,22442.52
2020-09-18,26.4,27.7,25.4,85,12.4,12.4,97,1006.3,10.0,254,22451.73
2020-09-19,27.1,29.0,25.3,88,4.4,4.4,88,1004.0,13.5,302,31355.97
2020-09-20,27.1,29.0,25.5,91,4.7,4.7,95,1002.1,17.5,329,22059.26
2020-09-21,27.3,29.7,25.7,92,16.3,16.3,85,1000.6,13.8,280,28216.6
2020-09-22,26.8,28.8,25.9,92,17.6,17.6,98,1001.1,14.6,212,15973.12
2020-09-23,26.2,26.7,25.5,93,150.2,150.2,100,1003.2,31.5,244,0.0
2020-09-24,26.8,28.7,25.5,90,7.8,7.8,66,1007.1,14.3,213,38561.7
2020-09-25,26.8,28.1,25.9,88,6.4,6.4,89,1007.7,16.9,250,16001.57
2020-09-26,26.9,29.2,25.5,82,2.5,2.5,75,1007.6,15.6,273,39147.7
2020-09-27,26.3,27.7,25.0,88,2.5,2.5,44,1008.8,11.9,239,38913.02
2020-09-28,26.4,28.0,25.0,87,3.0,3.0,41,1009.4,11.5,258,41276.43
2020-09-29,26.6,28.6,24.8,87,0.9,0.9,34,1008.6,13.4,319,42455.64
2020-09-30,26.7,28.7,24.7,85,1.2,1.2,57,1007.8,15.1,312,41192.06
2020-10-01,26.9,29.0,24.7,84,1.8,1.8,46,1008.3,15.3,320,42129.15
2020-10-02,27.3,29.6,25.5,87,1.5,1.5,61,1008.3,15.0,331,40549.33
2020-10-03,27.1,29.3,25.0,90,2.8,2.8,52,1008.4,13.8,313,39607.78
2020-10-04,26.4,27.8,25.4,90,9.0,9.0,82,1009.8,12.0,223,30831.18
2020-10-05,26.8,28.4,25.2,88,2.3,2.3,64,1009.4,13.6,299,37534.24
2020-10-06,27.1,30.3,24.6,88,0.7,0.7,50,1008.6,16.1,344,40699.66
2020-10-07,27.7,30.3,25.4,89,0.7,0.7,62,1009.1,15.4,330,40353.05
2020-10-08,28.3,30.9,26.6,86,0.0,0.0,52,1008.2,14.3,334,40285.82
2020-10-09,28.9,31.8,26.6,81,0.9,0.9,53,1007.3,15.0,355,40867.93
2020-10-10,28.3,30.5,26.5,87,7.2,7.2,92,1007.2,14.3,170,31453.87
2020-10-11,27.6,29.4,26.6,90,3.3,3.3,100,1005.8,9.1,164,7241.24
2020-10-12,27.8,30.3,26.0,87,2.9,2.9,95,1003.7,10.8,343,33834.88
2020-10-13,28.1,30.6,26.1,90,5.0,5.0,99,1003.1,9.6,177,29179.47
2020-10-14,27.7,29.6,26.1,91,6.8,6.8,100,1003.4,10.1,172,6100.27
2020-10-15,28.0,30.9,25.8,88,28.4,28.4,89,1001.0,16.0,349,21061.6
2020-10-16,27.8,30.4,25.9,79,0.3,0.3,53,1001.5,24.0,132,36399.83
2020-10-17,27.6,29.9,26.0,79,1.1,1.1,40,1005.2,23.1,166,39071.86
2020-10-18,27.1,28.9,26.0,85,0.4,0.4,55,1007.6,16.1,179,28646.25
2020-10-19,27.0,29.1,25.5,89,4.8,4.8,58,1008.0,14.2,280,36422.16
2020-10-20,27.2,30.0,25.2,90,4.6,4.6,49,1007.4,14.5,341,37773.05
2020-10-21,27.2,30.5,25.3,88,8.7,8.7,80,1007.8,13.8,5,30256.4
2020-10-22,26.8,29.4,24.6,90,15.4,15.4,93,1006.9,15.5,8,30533.9
2020-10-23,27.1,30.1,24.4,88,1.3,1.3,43,1006.8,11.6,336,38131.65
2020-10-24,27.1,28.4,25.8,90,2.8,2.8,70,1008.4,10.4,190,36991.93
2020-10-25,27.1,29.2,24.8,90,3.9,3.9,44,1010.2,12.0,280,37955.12
2020-10-26,27.7,31.0,25.4,83,0.0,0.0,40,1011.2,14.3,2,37488.66
2020-10-27,27.4,31.1,24.7,76,0.0,0.0,12,1010.3,12.4,8,38531.6
2020-10-28,27.3,31.6,23.6,79,0.0,0.0,7,1010.7,11.2,346,39441.21
2020-10-29,26.9,30.2,23.4,81,0.0,0.0,4,1011.3,11.8,351,39183.29
2020-10-30,26.6,31.2,22.8,78,0.0,0.0,2,1011.1,13.0,356,39428.39
2020-10-31,26.3,30.8,21.5,74,0.0,0.0,2,1011.1,13.2,354,39167.8
2020-11-01,26.5,30.7,22.8,76,0.0,0.0,14,1011.8,13.0,346,38718.49
2020-11-02,27.6,32.0,23.6,75,0.0,0.0,19,1012.5,10.7,9,37229.38
2020-11-03,28.0,33.1,24.0,67,0.0,0.0,9,1012.2,14.5,15,38792.45
2020-11-04,27.3,32.7,23.0,69,0.0,0.0,8,1011.9,13.0,13,38827.66
2020-11-05,27.0,33.0,22.4,63,0.0,0.0,1,1012.3,13.1,28,38856.43
2020-11-06,26.7,32.8,22.4,57,0.0,0.0,0,1013.8,16.2,31,38841.4
2020-11-07,26.4,33.1,21.4,57,0.0,0.0,2,1014.2,15.5,29,38664.2
2020-11-08,27.6,33.7,23.1,57,0.0,0.0,2,1014.0,13.6,48,38454.45
2020-11-09,26.6,32.3,22.1,60,0.0,0.0,1,1013.5,13.3,5,38487.27
2020-11-10,25.7,32.4,20.3,57,0.0,0.0,0,1011.4,14.3,48,38769.4
2020-11-11,25.2,32.0,20.2,56,0.0,0.0,0,1011.9,17.3,45,38748.24
2020-11-12,25.3,31.9,20.1,51,0.0,0.0,0,1013.0,15.4,27,38725.77
2020-11-13,26.2,32.5,20.4,62,0.0,0.0,1,1012.0,17.2,14,37871.65
2020-11-14,27.5,33.4,22.7,68,0.0,0.0,9,1010.4,14.9,24,37374.45
2020-11-15,27.8,32.3,24.2,71,0.0,0.0,24,1010.6,14.8,342,36000.0
2020-11-16,28.1,33.1,24.2,65,0.0,0.0,17,1010.9,18.3,354,37417.35
2020-11-17,28.6,33.9,25.2,63,0.0,0.0,62,1010.0,18.4,358,36000.0
2020-11-18,27.5,30.8,24.4,71,0.1,0.1,85,1009.9,12.5,333,36416.1
2020-11-19,27.8,32.2,25.4,66,0.0,0.0,61,1010.2,18.0,351,36174.82
2020-11-20,27.3,31.1,24.3,61,0.0,0.0,65,1011.4,16.3,350,35055.33
2020-11-21,26.6,31.0,22.6,62,0.0,0.0,45,1012.0,16.4,341,37020.73
2020-11-22,25.6,30.9,21.1,74,0.0,0.0,12,1012.7,16.7,336,37045.61
2020-11-23,25.7,30.6,21.2,73,0.0,0.0,15,1013.0,17.6,333,36806.6
2020-11-24,25.7,31.0,21.7,66,0.0,0.0,21,1011.9,16.0,336,36027.13
2020-11-25,26.3,31.0,22.8,68,0.0,0.0,33,1011.0,17.4,335,34109.78
2020-11-26,26.2,31.4,21.3,63,0.0,0.0,3,1011.5,21.5,350,36579.7
2020-11-27,27.6,33.0,23.5,43,0.0,0.0,1,1012.8,22.6,39,36335.21
2020-11-28,27.1,32.3,23.2,51,0.0,0.0,46,1013.2,15.6,50,33245.24
2020-11-29,27.2,31.6,24.3,65,0.0,0.0,14,1013.1,14.3,24,36000.0
2020-11-30,27.0,32.0,22.9,67,0.0,0.0,2,1013.3,16.0,347,36128.18
2020-12-01,28.0,33.1,24.4,64,0.0,0.0,9,1013.1,16.8,347,36147.58
2020-12-02,27.3,32.8,23.6,66,0.0,0.0,30,1012.0,19.5,356,36187.51
2020-12-03,26.4,32.5,21.5,62,0.0,0.0,17,1011.5,17.3,14,36202.94
2020-12-04,25.7,32.4,20.3,64,0.0,0.0,63,1010.7,14.0,21,36217.71
2020-12-05,25.5,32.8,19.3,62,0.0,0.0,5,1011.2,14.3,13,36231.78
2020-12-06,25.6,32.9,20.1,51,0.0,0.0,28,1012.3,15.3,31,36246.4
2020-12-07,25.9,33.4,20.3,49,0.0,0.0,57,1013.6,17.2,43,36266.16
2020-12-08,26.0,33.0,20.7,53,0.0,0.0,67,1013.4,15.3,23,36018.29
2020-12-09,26.4,32.7,21.7,58,0.0,0.0,54,1012.1,14.7,15,34313.57
2020-12-10,27.3,31.0,24.3,66,0.0,0.0,47,1011.6,14.5,338,36000.0
2020-12-11,25.8,28.0,24.4,71,1.0,1.0,85,1012.6,15.0,348,21489.75
2020-12-12,25.6,30.4,23.0,77,1.3,1.3,80,1011.7,17.7,360,22263.88
2020-12-13,25.1,28.9,22.6,75,0.0,0.0,92,1010.9,15.4,1,31082.41
2020-12-14,24.1,27.4,22.6,86,22.5,22.5,67,1011.4,11.2,3,22632.39
2020-12-15,24.8,29.3,21.9,80,0.0,0.0,15,1012.6,21.0,348,34124.52
2020-12-16,24.9,29.3,21.9,79,0.0,0.0,26,1013.7,19.4,350,36172.72
2020-12-17,25.2,30.2,21.5,76,0.0,0.0,25,1013.9,19.5,354,36160.86
2020-12-18,25.0,30.8,21.2,74,0.0,0.0,55,1013.5,15.3,0,36418.18
2020-12-19,25.4,31.9,20.6,66,0.0,0.0,20,1014.0,18.4,20,36405.66
2020-12-20,25.0,31.0,21.1,58,0.0,0.0,16,1014.6,17.9,27,36392.4
2020-12-21,24.1,31.2,18.8,55,0.0,0.0,11,1013.4,16.9,35,36000.0
2020-12-22,23.2,30.9,17.2,58,0.0,0.0,57,1012.3,14.1,24,36093.84
2020-12-23,23.2,29.4,16.5,62,0.0,0.0,24,1011.1,13.0,357,36887.61
2020-12-24,23.5,31.0,17.4,62,0.0,0.0,0,1010.1,16.4,359,36871.54
2020-12-25,25.1,32.5,18.9,60,0.0,0.0,0,1010.6,12.8,22,36585.1
2020-12-26,25.0,31.5,19.8,65,0.0,0.0,9,1012.0,14.3,352,36837.55
2020-12-27,24.8,30.0,20.8,68,0.0,0.0,45,1012.1,20.9,342,36819.79
2020-12-28,23.2,28.3,19.7,50,0.0,0.0,4,1012.2,23.1,347,37071.1
2020-12-29,22.0,27.5,16.5,61,0.0,0.0,3,1011.4,18.7,340,37052.33
2020-12-30,22.9,28.7,18.3,65,0.0,0.0,0,1011.5,20.4,343,37033.2
2020-12-31,24.5,32.0,19.1,67,0.0,0.0,10,1011.0,15.3,358,37013.76
2021-01-01,25.4,31.7,20.8,70,0.0,0.0,32,1011.4,17.3,329,36724.95
2021-01-02,25.0,28.9,22.6,75,0.0,0.0,55,1012.1,16.2,330,35685.08
2021-01-03,24.3,28.3,21.5,69,0.0,0.0,17,1010.7,18.0,336,37491.47
2021-01-04,24.0,28.0,21.2,66,0.0,0.0,30,1010.7,16.6,329,36933.72
2021-01-05,24.0,28.4,21.2,67,0.4,0.4,23,1011.8,20.9,343,37181.77
2021-01-06,24.5,29.1,21.6,61,0.0,0.0,43,1011.3,21.8,343,37161.23
2021-01-07,25.2,29.4,21.6,71,0.2,0.2,52,1009.3,17.6,339,36572.56
2021-01-08,25.2,28.9,22.9,84,2.8,2.8,49,1008.7,11.5,342,33670.54
2021-01-09,25.9,30.3,22.9,78,0.2,0.2,34,1009.3,16.1,352,37634.06
2021-01-10,26.9,31.0,23.9,76,0.0,0.0,36,1010.0,14.3,358,37612.15
2021-01-11,26.9,31.3,23.8,73,0.0,0.0,18,1011.1,16.1,341,38123.52
2021-01-12,27.3,32.7,24.0,68,0.0,0.0,20,1011.7,20.7,353,37833.7
2021-01-13,26.9,32.2,22.5,62,0.0,0.0,13,1011.4,18.9,353,38768.13
2021-01-14,24.8,30.5,21.5,70,0.0,0.0,44,1010.9,20.1,344,38807.26
2021-01-15,23.7,28.3,20.3,75,0.0,0.0,25,1010.4,19.1,329,38846.54
2021-01-16,22.7,28.4,18.2,73,0.0,0.0,4,1009.5,18.6,337,38885.93
2021-01-17,23.4,28.2,19.0,78,0.0,0.0,30,1009.9,14.7,329,38925.34
2021-01-18,24.2,28.8,20.4,74,0.0,0.0,4,1011.5,18.1,336,38964.7
2021-01-19,25.2,29.9,21.0,61,0.0,0.0,6,1011.6,17.2,336,39003.93
2021-01-20,24.7,30.4,20.1,57,0.0,0.0,0,1012.5,18.1,341,39042.96
2021-01-21,23.0,28.8,19.5,65,0.0,0.0,1,1012.4,17.6,337,39081.72
2021-01-22,23.0,29.7,18.3,75,0.0,0.0,0,1011.7,18.6,337,39120.15
2021-01-23,24.1,30.6,20.0,68,0.0,0.0,0,1011.8,20.1,336,39158.15
2021-01-24,23.8,29.4,19.2,62,0.0,0.0,0,1012.7,19.6,338,39195.67
2021-01-25,22.5,29.0,16.7,64,0.0,0.0,46,1013.3,19.1,338,39232.62
2021-01-26,22.0,28.0,17.7,70,0.0,0.0,9,1012.9,20.4,339,39268.95
2021-01-27,21.5,27.1,16.9,71,0.0,0.0,61,1012.5,18.4,336,39304.57
2021-01-28,21.6,27.6,17.0,71,0.0,0.0,14,1012.9,20.0,337,39339.51
2021-01-29,22.4,28.2,16.7,63,0.0,0.0,5,1013.5,17.9,338,39374.14
2021-01-30,23.1,30.0,17.3,63,0.0,0.0,0,1012.9,19.9,343,39408.5
2021-01-31,23.5,30.9,17.9,62,0.0,0.0,0,1013.1,19.2,346,39442.57
2021-02-01,25.7,32.6,20.5,53,0.0,0.0,8,1014.4,19.7,356,39476.33
2021-02-02,26.3,32.9,21.5,47,0.0,0.0,2,1014.6,17.9,2,39509.75
2021-02-03,24.9,31.3,19.1,53,0.0,0.0,0,1013.9,16.6,336,39542.83
2021-02-04,24.3,30.2,20.1,60,0.0,0.0,0,1013.8,21.1,342,39575.53
2021-02-05,24.3,29.9,20.1,53,0.0,0.0,0,1013.6,22.7,340,39600.0
2021-02-06,24.7,31.4,19.3,45,0.0,0.0,24,1012.7,21.3,2,39600.0
2021-02-07,25.8,32.8,20.9,39,0.0,0.0,0,1013.2,19.6,24,39600.0
2021-02-08,24.9,32.7,18.7,41,0.0,0.0,0,1013.7,22.0,7,39600.0
2021-02-09,24.1,32.7,17.3,49,0.0,0.0,0,1012.8,17.1,358,39600.0
2021-02-10,23.6,30.9,17.5,57,0.0,0.0,79,1011.7,18.4,339,39600.0
2021-02-11,24.6,32.2,18.0,55,0.0,0.0,94,1010.6,16.5,346,39600.0
2021-02-12,24.5,30.3,19.3,61,0.0,0.0,45,1011.3,19.5,328,39600.0
2021-02-13,24.3,30.3,18.9,66,0.0,0.0,0,1012.6,22.0,330,39600.0
2021-02-14,24.2,30.2,20.1,70,0.0,0.0,1,1012.9,21.8,331,39600.0
2021-02-15,24.2,28.6,20.6,72,0.0,0.0,0,1012.1,23.4,330,39600.0
2021-02-16,23.6,27.8,20.4,79,0.0,0.0,7,1011.9,24.2,331,39600.0
2021-02-17,24.0,28.8,20.1,76,0.0,0.0,2,1011.5,24.7,335,39600.0
2021-02-18,25.3,31.4,20.5,66,1.0,1.0,21,1011.9,15.6,350,39600.0
2021-02-19,25.5,32.0,21.5,62,0.1,0.1,24,1013.6,19.0,36,39600.0
2021-02-20,25.6,32.4,20.3,55,0.0,0.0,17,1013.6,25.3,22,38847.27
2021-02-21,27.1,34.0,22.0,45,0.0,0.0,17,1013.1,21.3,38,39600.0
2021-02-22,26.8,33.1,22.3,57,0.0,0.0,6,1013.5,20.5,330,39600.0
2021-02-23,26.6,31.7,21.8,61,0.0,0.0,2,1012.2,18.7,325,39600.0
2021-02-24,27.1,33.1,21.8,60,0.0,0.0,3,1010.9,19.4,327,39600.0
2021-02-25,27.5,33.1,23.0,54,0.0,0.0,4,1011.5,24.0,332,39600.0
2021-02-26,26.1,30.3,21.8,66,0.0,0.0,7,1010.9,20.7,324,39600.0
2021-02-27,26.1,31.2,20.8,69,0.0,0.0,2,1009.8,24.2,331,39600.0
2021-02-28,27.6,34.3,21.7,56,0.0,0.0,2,1009.4,21.8,339,39600.0
2021-03-01,28.4,35.1,24.0,49,0.0,0.0,13,1011.8,23.2,339,39600.0
2021-03-02,28.0,34.4,22.0,44,0.0,0.0,1,1012.6,25.0,336,39701.88
2021-03-03,28.3,36.3,22.3,40,0.0,0.0,1,1010.9,21.9,339,39678.45
2021-03-04,28.9,36.4,21.8,36,0.0,0.0,2,1010.4,23.3,345,39899.91
2021-03-05,28.2,36.6,21.8,43,0.0,0.0,0,1011.5,19.2,341,39876.08
2021-03-06,26.2,31.4,22.4,78,0.0,0.0,1,1012.6,18.2,276,39852.23
2021-03-07,26.4,32.9,21.0,67,0.0,0.0,1,1011.8,19.9,337,39828.41
2021-03-08,26.2,32.3,21.4,64,0.0,0.0,0,1011.6,21.1,330,40048.91
2021-03-09,27.7,34.9,22.7,57,0.0,0.0,3,1011.4,24.2,339,40025.07
2021-03-10,27.4,32.7,23.8,62,0.0,0.0,12,1011.5,21.0,324,39600.0
2021-03-11,26.3,31.0,22.7,71,0.0,0.0,6,1011.8,23.2,327,39976.67
2021-03-12,26.7,32.7,21.9,64,0.0,0.0,8,1012.7,24.2,335,39951.95
2021-03-13,28.7,35.7,24.4,48,0.0,0.0,3,1012.2,21.3,341,39926.96
2021-03-14,28.7,34.6,23.6,46,0.0,0.0,3,1010.3,20.2,332,40388.86
2021-03-15,28.8,34.6,24.0,46,0.0,0.0,1,1009.8,23.7,335,40606.76
2021-03-16,28.4,33.8,23.3,53,0.0,0.0,2,1010.2,23.5,333,40824.37
2021-03-17,28.7,34.7,23.0,53,0.0,0.0,44,1008.9,23.2,334,40555.1
2021-03-18,27.9,32.5,23.7,59,0.0,0.0,18,1009.2,19.5,320,40285.87
2021-03-19,27.2,32.2,23.4,65,0.0,0.0,13,1010.2,24.2,327,40746.57
2021-03-20,26.3,31.2,22.2,75,0.0,0.0,11,1008.9,18.0,321,40477.42
2021-03-21,26.9,32.0,22.2,74,0.0,0.0,7,1008.2,15.6,308,41181.44
2021-03-22,27.8,33.8,23.3,70,0.0,0.0,6,1010.2,18.0,323,39696.2
2021-03-23,28.6,33.9,23.6,52,0.0,0.0,10,1010.8,23.7,334,41130.36
2021-03-24,29.7,35.6,24.9,49,0.0,0.0,3,1010.7,17.9,337,41105.17
2021-03-25,30.9,38.3,25.0,32,0.0,0.0,0,1009.8,25.3,346,42053.67
2021-03-26,30.5,36.6,25.1,31,0.0,0.0,0,1008.8,22.5,341,42272.69
2021-03-27,30.5,38.6,24.4,32,0.0,0.0,0,1007.8,24.2,343,42492.26
2021-03-28,28.1,33.7,23.2,59,0.0,0.0,19,1007.9,18.3,277,42630.15
2021-03-29,27.8,32.5,24.4,78,0.0,0.0,54,1008.1,24.3,296,41958.67
2021-03-30,26.8,31.4,23.5,78,0.0,0.0,6,1008.3,14.4,241,42728.01
2021-03-31,26.6,30.9,22.2,81,0.0,0.0,10,1007.5,19.2,302,42156.81
2021-04-01,27.3,31.6,24.3,78,0.0,0.0,17,1007.1,18.1,252,41402.25
2021-04-02,27.0,31.0,24.2,76,0.1,0.1,55,1007.4,16.0,227,42599.85
2021-04-03,27.1,30.4,24.0,75,0.0,0.0,16,1008.4,17.9,231,42089.23
2021-04-04,27.3,31.0,24.4,76,0.0,0.0,16,1010.2,21.1,282,42067.05
2021-04-05,27.4,31.7,23.7,80,0.0,0.0,9,1010.1,22.7,322,42289.63
2021-04-06,28.5,33.9,23.8,66,0.0,0.0,1,1009.1,24.7,325,43074.99
2021-04-07,28.1,33.4,23.7,70,0.0,0.0,5,1009.9,21.7,326,43124.37
2021-04-08,27.9,31.5,24.5,80,0.0,0.0,17,1008.8,18.2,281,43173.49
2021-04-09,28.1,32.0,24.3,77,0.0,0.0,11,1008.3,20.8,304,43200.0
2021-04-10,28.0,32.3,24.0,77,0.0,0.0,19,1009.4,18.8,297,43200.0
2021-04-11,28.9,34.1,24.5,75,0.0,0.0,17,1010.2,18.2,297,43104.11
2021-04-12,29.1,33.4,24.9,74,0.0,0.0,16,1011.2,19.2,294,43200.0
2021-04-13,29.9,36.1,24.9,67,0.0,0.0,14,1010.3,20.2,319,42866.2
2021-04-14,30.0,35.4,27.0,68,0.0,0.0,14,1010.0,18.8,289,43200.0
2021-04-15,29.0,34.0,25.6,75,0.0,0.0,10,1010.0,19.4,274,43200.0
2021-04-16,28.1,32.1,24.5,76,0.0,0.0,1,1009.8,23.5,312,43200.0
2021-04-17,28.4,32.4,24.5,79,0.0,0.0,2,1010.3,22.0,323,43200.0
2021-04-18,29.5,34.3,24.8,76,0.0,0.0,3,1010.6,19.5,313,43200.0
2021-04-19,28.7,32.6,24.8,78,0.0,0.0,3,1009.6,18.3,263,43200.0
2021-04-20,28.5,32.1,25.6,78,0.0,0.0,26,1008.9,14.9,275,43197.59
2021-04-21,28.3,32.0,25.3,77,0.0,0.0,73,1010.2,20.0,298,40265.23
2021-04-22,28.3,32.9,25.1,77,0.0,0.0,87,1010.2,23.4,331,43200.0
2021-04-23,28.2,33.3,24.1,72,0.0,0.0,81,1010.1,21.5,311,41843.26
2021-04-24,27.7,32.2,23.9,77,0.0,0.0,37,1009.6,22.2,320,43200.0
2021-04-25,29.0,33.6,24.3,78,0.0,0.0,48,1008.2,23.9,320,43200.0
2021-04-26,29.9,33.4,26.8,79,0.0,0.0,12,1008.0,17.4,259,43200.0
2021-04-27,29.7,33.7,26.9,75,0.0,0.0,3,1009.0,17.4,255,43200.0
2021-04-28,29.7,34.2,25.8,75,0.0,0.0,3,1009.9,21.6,296,43200.0
2021-04-29,29.6,34.1,26.6,79,0.0,0.0,25,1009.4,22.1,307,43200.0
2021-04-30,29.2,32.4,26.3,79,0.0,0.0,30,1008.5,16.6,298,43200.0
2021-05-01,30.0,34.2,27.0,74,0.0,0.0,59,1007.5,20.9,322,37837.73
2021-05-02,30.2,33.6,27.8,77,0.0,0.0,39,1008.0,15.9,280,43200.0
2021-05-03,30.2,34.3,26.8,75,0.0,0.0,9,1007.7,19.3,308,43200.0
2021-05-04,30.0,33.6,26.7,73,0.0,0.0,0,1007.5,20.3,313,43200.0
2021-05-05,30.0,33.4,26.9,75,0.0,0.0,1,1007.4,20.8,301,43200.0
2021-05-06,29.6,32.8,27.0,79,0.0,0.0,7,1008.0,18.3,285,43200.0
2021-05-07,29.8,32.9,26.8,78,0.0,0.0,6,1008.8,20.0,296,43200.0
2021-05-08,29.8,33.3,26.8,78,0.0,0.0,15,1007.7,19.8,296,43200.0
2021-05-09,29.9,32.9,27.5,77,0.0,0.0,11,1007.0,17.7,267,43200.0
2021-05-10,29.7,33.2,27.5,73,0.0,0.0,13,1006.9,20.1,287,43200.0
2021-05-11,29.5,32.7,26.8,73,0.0,0.0,29,1007.5,19.0,294,43200.0
2021-05-12,29.5,32.5,27.4,69,0.0,0.0,23,1006.2,19.3,290,43200.0
2021-05-13,29.3,32.0,27.3,66,0.0,0.0,64,1005.4,18.1,284,41985.12
2021-05-14,29.3,33.2,25.9,73,0.0,0.0,71,1003.5,24.2,324,43200.0
2021-05-15,31.3,35.3,27.5,65,0.0,0.0,100,1000.3,28.0,343,28631.68
2021-05-16,31.0,36.2,27.1,62,7.0,7.0,100,998.1,25.7,68,6620.46
2021-05-17,26.8,27.5,26.3,88,199.9,199.9,100,996.4,61.9,155,0.0
2021-05-18,27.4,28.6,26.5,88,22.6,22.6,100,1002.4,47.5,194,16451.91
2021-05-19,27.5,29.2,26.0,88,15.2,15.2,95,1004.6,28.0,213,25442.93
2021-05-20,28.3,30.7,26.3,83,1.0,1.0,38,1006.6,14.1,234,42857.28
2021-05-21,28.4,30.7,26.3,82,0.3,0.3,27,1007.5,12.1,251,42695.21
2021-05-22,28.7,30.5,27.5,78,1.2,1.2,61,1007.1,15.5,259,40451.22
2021-05-23,28.8,30.8,27.4,79,1.6,1.6,42,1007.9,16.4,294,35810.99
2021-05-24,28.8,30.9,27.1,81,1.8,1.8,38,1008.7,20.2,310,43200.0
2021-05-25,29.0,30.9,27.4,78,1.7,1.7,74,1007.0,21.9,302,43200.0
2021-05-26,29.2,31.0,27.4,71,0.0,0.0,82,1006.1,17.3,271,43054.99
2021-05-27,29.6,31.5,28.4,72,4.8,4.8,73,1006.1,20.7,256,43200.0
2021-05-28,29.2,31.1,27.6,79,3.6,3.6,56,1006.4,17.7,251,42045.88
2021-05-29,28.8,30.9,26.6,82,2.8,2.8,87,1007.4,16.0,238,40802.88
2021-05-30,28.9,30.7,27.3,82,3.3,3.3,75,1007.4,16.5,207,38528.69
2021-05-31,28.5,30.3,27.0,85,3.5,3.5,64,1005.5,15.6,208,39567.75
2021-06-01,28.2,30.5,26.9,86,7.4,7.4,84,1005.7,19.5,195,34687.46
2021-06-02,28.1,29.8,26.6,86,11.1,11.1,80,1006.5,13.3,198,39135.31
2021-06-03,28.8,30.8,26.8,84,1.3,1.3,58,1007.1,14.0,209,40058.01
2021-06-04,28.6,31.1,26.9,84,5.2,5.2,48,1007.9,12.7,193,43200.0
2021-06-05,27.3,29.2,25.9,86,7.7,7.7,96,1007.2,12.2,185,4544.0
2021-06-06,27.4,29.4,25.5,84,9.7,9.7,71,1007.5,15.9,213,19498.72
2021-06-07,27.4,29.2,26.1,87,10.5,10.5,60,1007.9,15.8,211,36749.73
2021-06-08,27.0,28.4,26.0,91,25.1,25.1,87,1007.0,14.5,228,32219.42
2021-06-09,26.8,28.3,25.8,90,24.0,24.0,94,1005.9,17.3,249,20749.11
2021-06-10,27.0,28.1,26.0,89,24.0,24.0,93,1005.2,17.7,233,27306.66
2021-06-11,27.1,28.3,26.2,89,19.6,19.6,85,1004.3,22.0,224,22846.6
2021-06-12,27.0,28.7,25.7,90,15.7,15.7,95,1004.1,18.0,240,14492.48
2021-06-13,27.4,28.9,26.3,89,9.6,9.6,72,1004.0,19.0,232,35258.13
2021-06-14,27.3,29.0,26.1,90,5.2,5.2,69,1002.9,19.3,222,37459.67
2021-06-15,26.8,28.2,25.9,89,9.2,9.2,84,1001.9,21.0,215,33242.04
2021-06-16,26.4,27.3,25.6,91,13.7,13.7,94,1002.3,22.1,216,0.0
2021-06-17,26.2,27.3,25.5,90,18.5,18.5,97,1003.5,24.0,213,7171.6
2021-06-18,26.1,27.3,25.1,90,15.9,15.9,79,1004.5,26.6,226,34833.03
2021-06-19,25.8,26.9,25.1,90,18.5,18.5,84,1006.5,22.7,221,26675.84
2021-06-20,26.7,28.9,25.1,88,10.3,10.3,73,1007.3,24.8,233,35552.0
2021-06-21,27.3,29.2,25.1,85,5.6,5.6,67,1007.9,16.9,243,38045.79
2021-06-22,27.4,28.6,26.0,86,5.9,5.9,88,1007.6,15.1,254,30674.41
2021-06-23,27.0,28.2,26.3,89,5.6,5.6,75,1007.2,15.2,234,35933.71
2021-06-24,26.4,27.5,25.4,90,8.7,8.7,98,1007.6,19.1,230,693.47
2021-06-25,26.0,26.7,25.6,92,36.7,36.7,99,1006.7,16.3,247,0.0
2021-06-26,27.6,29.4,25.7,82,3.5,3.5,78,1006.5,18.3,271,39939.99
2021-06-27,27.2,28.5,26.3,85,9.3,9.3,84,1008.1,15.4,302,21465.47
2021-06-28,26.1,27.4,25.0,90,19.2,19.2,97,1007.2,10.6,297,7090.71
2021-06-29,27.4,29.2,25.6,88,3.0,3.0,67,1006.6,14.8,222,40161.31
2021-06-30,27.5,28.9,26.4,89,4.8,4.8,71,1006.7,16.1,235,36258.63
2021-07-01,28.3,29.8,27.2,80,2.9,2.9,88,1005.1,22.8,248,40884.29
2021-07-02,28.1,29.9,27.0,81,1.8,1.8,45,1005.5,22.6,226,43374.35
2021-07-03,27.9,29.6,26.4,85,1.8,1.8,43,1006.6,18.5,228,40173.04
2021-07-04,27.7,29.1,26.4,86,2.3,2.3,72,1007.1,13.0,242,38905.68
2021-07-05,27.7,29.1,26.3,87,1.2,1.2,60,1006.9,13.0,258,32786.56
2021-07-06,27.8,29.7,26.1,86,1.0,1.0,75,1005.8,13.8,267,40971.55
2021-07-07,28.2,29.6,26.4,84,2.2,2.2,69,1005.7,14.2,293,41206.06
2021-07-08,27.6,29.1,26.6,88,8.9,8.9,88,1005.6,14.9,260,33235.8
2021-07-09,27.4,29.1,26.6,86,4.1,4.1,94,1003.7,13.8,260,18594.75
2021-07-10,26.3,26.8,25.9,92,85.5,85.5,100,1002.7,16.1,266,0.0
2021-07-11,27.1,28.8,25.9,88,13.7,13.7,99,1001.4,14.7,233,16022.43
2021-07-12,26.9,28.3,25.8,91,41.0,41.0,96,999.5,36.8,231,15640.8
2021-07-13,26.6,28.1,25.8,91,34.6,34.6,96,1001.4,23.7,235,16215.63
2021-07-14,26.2,27.3,25.7,91,34.9,34.9,99,1002.3,23.1,244,2942.3
2021-07-15,26.8,28.1,25.7,88,22.4,22.4,86,1001.0,23.2,240,22152.86
2021-07-16,26.5,28.4,25.4,91,31.8,31.8,80,1003.7,31.5,224,17733.51
2021-07-17,26.8,27.6,25.8,90,40.6,40.6,90,1005.6,26.6,255,5339.42
2021-07-18,26.9,28.2,26.0,90,32.9,32.9,96,1004.7,21.6,286,26945.6
2021-07-19,26.3,27.4,25.8,92,55.2,55.2,99,1004.2,22.0,270,7390.54
2021-07-20,26.4,27.5,25.7,91,29.1,29.1,100,1006.2,23.4,246,2011.84
2021-07-21,26.5,27.2,25.7,90,36.7,36.7,100,1005.0,34.8,255,30.92
2021-07-22,26.6,27.3,26.1,88,18.5,18.5,100,1002.3,34.0,266,0.0
2021-07-23,26.0,26.8,25.4,90,28.2,28.2,100,1002.3,25.3,259,0.0
2021-07-24,26.5,27.8,25.5,88,13.1,13.1,95,1003.7,24.2,261,19023.79
2021-07-25,26.4,28.3,25.4,90,15.3,15.3,100,1004.7,23.9,251,11558.25
2021-07-26,26.6,28.5,25.2,88,12.5,12.5,93,1005.1,28.7,244,37284.24
2021-07-27,26.7,28.1,25.2,86,8.4,8.4,96,1004.5,27.2,235,30782.32
2021-07-28,27.1,28.3,26.1,83,12.4,12.4,91,1004.9,30.6,236,30252.03
2021-07-29,27.0,28.8,26.2,84,11.3,11.3,97,1006.0,31.3,241,20641.8
2021-07-30,27.2,28.2,26.3,83,8.4,8.4,96,1006.8,29.5,249,5105.7
2021-07-31,27.3,28.6,26.2,82,2.7,2.7,84,1007.8,30.8,258,41339.86
2021-08-01,27.0,28.2,26.2,81,3.1,3.1,76,1006.6,31.0,255,39380.02
2021-08-02,26.6,28.1,25.6,84,4.7,4.7,95,1006.7,25.3,250,37710.48
2021-08-03,26.2,27.2,25.1,89,9.8,9.8,97,1007.9,24.4,243,27633.71
2021-08-04,26.5,27.4,25.4,87,5.6,5.6,89,1007.9,24.0,246,20955.16
2021-08-05,26.8,28.4,25.5,86,5.9,5.9,88,1006.1,24.2,254,39000.06
2021-08-06,26.9,28.2,25.9,86,3.9,3.9,69,1005.4,23.4,257,39930.03
2021-08-07,26.6,28.1,25.2,88,4.0,4.0,61,1006.2,14.9,248,32257.86
2021-08-08,26.4,27.9,25.0,90,3.0,3.0,71,1007.4,13.4,217,39547.85
2021-08-09,26.8,28.1,25.5,87,4.2,4.2,81,1008.5,17.9,223,37259.42
2021-08-10,26.5,27.8,25.5,88,4.2,4.2,94,1008.4,17.4,232,29899.89
2021-08-11,26.5,28.0,25.1,87,5.5,5.5,65,1008.4,16.7,251,38044.13
2021-08-12,26.7,28.1,25.4,86,3.9,3.9,83,1009.2,16.7,261,38275.68
2021-08-13,26.6,27.9,25.6,86,3.7,3.7,76,1008.1,18.4,257,38355.87
2021-08-14,26.0,27.1,24.8,89,9.1,9.1,94,1006.5,19.1,248,34730.34
2021-08-15,25.8,27.2,24.4,90,6.7,6.7,78,1006.6,14.6,236,36004.59
2021-08-16,26.2,27.6,25.0,89,3.9,3.9,91,1007.8,12.4,238,28080.93
2021-08-17,25.9,26.6,25.3,91,13.7,13.7,100,1007.8,9.8,241,0.0
2021-08-18,25.6,26.3,25.2,93,21.8,21.8,100,1006.3,12.0,264,0.0
2021-08-19,25.3,25.7,24.9,93,33.4,33.4,100,1006.0,16.2,266,0.0
2021-08-20,25.8,27.1,25.1,88,26.8,26.8,98,1006.4,15.6,270,15347.53
2021-08-21,25.3,25.8,24.7,92,71.7,71.7,99,1007.5,22.0,249,0.0
2021-08-22,26.1,27.4,25.1,89,3.1,3.1,74,1008.0,13.6,224,25868.82
2021-08-23,26.4,28.5,24.8,88,2.3,2.3,45,1007.9,14.8,212,41867.56
2021-08-24,26.7,28.4,25.3,90,1.4,1.4,62,1007.9,14.9,228,37477.37
2021-08-25,26.7,27.9,25.3,88,1.6,1.6,77,1007.0,16.6,245,41693.81
2021-08-26,26.6,27.8,25.8,87,3.4,3.4,90,1005.4,17.0,233,37325.97
2021-08-27,26.5,28.0,25.4,89,2.1,2.1,69,1004.9,12.3,226,39985.56
2021-08-28,26.5,27.8,25.0,87,0.6,0.6,76,1004.0,14.5,220,41314.81
2021-08-29,26.6,28.2,24.8,87,1.4,1.4,77,1003.8,12.2,262,41774.4
2021-08-30,26.6,27.1,25.9,88,6.0,6.0,99,1005.2,14.5,304,10185.58
2021-08-31,25.9,26.7,25.4,91,49.1,49.1,99,1005.1,17.1,290,0.0
2021-09-01,26.1,27.4,25.2,91,17.2,17.2,97,1005.7,18.9,235,22354.29
2021-09-02,26.5,27.9,25.5,89,7.1,7.1,83,1005.6,23.8,218,36777.5
2021-09-03,26.1,27.2,25.1,91,13.7,13.7,73,1005.4,19.1,213,36350.78
2021-09-04,26.2,27.8,25.1,91,16.6,16.6,90,1005.9,14.5,235,35565.38
2021-09-05,26.1,27.2,25.3,91,10.1,10.1,94,1006.1,12.3,256,28045.91
2021-09-06,26.5,27.9,25.3,89,7.9,7.9,94,1005.3,16.8,291,25833.57
2021-09-07,26.0,27.2,25.2,92,32.0,32.0,100,1003.4,13.3,334,0.0
2021-09-08,26.4,27.7,25.3,90,146.8,146.8,99,1002.6,34.9,239,8611.49
2021-09-09,26.8,28.4,25.7,88,6.9,6.9,98,1006.2,32.1,235,37409.56
2021-09-10,26.5,27.8,25.2,89,9.9,9.9,84,1006.5,26.2,228,38565.56
2021-09-11,26.3,27.6,25.7,92,53.6,53.6,90,1004.3,25.3,224,33320.97
2021-09-12,26.4,27.6,25.6,91,45.3,45.3,87,1002.6,21.4,244,35077.06
2021-09-13,26.4,26.9,26.1,90,27.4,27.4,99,1002.0,25.0,259,7733.31
2021-09-14,26.8,28.4,26.0,85,6.0,6.0,90,1003.0,25.5,248,35086.22
2021-09-15,26.5,27.7,25.4,87,6.0,6.0,89,1004.3,24.1,214,29611.05
2021-09-16,26.7,28.6,25.5,85,4.4,4.4,55,1005.6,24.5,211,38429.29
2021-09-17,26.7,28.4,25.5,84,3.3,3.3,70,1006.0,21.6,220,41458.52
2021-09-18,26.2,27.3,25.3,89,3.3,3.3,67,1007.7,17.9,208,41802.25
2021-09-19,26.2,27.2,25.2,91,6.4,6.4,78,1009.5,17.1,211,38977.35
2021-09-20,26.4,27.6,25.2,90,10.2,10.2,80,1008.8,13.1,245,38770.97
2021-09-21,26.0,27.2,25.4,91,17.8,17.8,97,1007.8,14.5,267,14844.75
2021-09-22,25.8,26.8,25.0,92,19.7,19.7,96,1006.2,16.8,280,15586.24
2021-09-23,26.2,27.3,25.0,91,6.6,6.6,79,1006.2,14.5,241,36947.77
2021-09-24,26.7,28.6,25.2,87,2.0,2.0,60,1007.2,15.0,232,39572.74
2021-09-25,26.4,28.1,24.5,87,2.2,2.2,57,1007.5,13.4,236,41183.09
2021-09-26,26.5,28.1,25.2,85,2.8,2.8,63,1005.7,14.1,285,37167.12
2021-09-27,25.9,26.7,25.0,89,5.2,5.2,95,1004.4,9.6,291,2843.41
2021-09-28,25.7,26.5,24.6,91,14.3,14.3,100,1003.7,17.6,232,0.0
2021-09-29,26.3,27.8,25.2,89,30.7,30.7,100,1004.6,24.9,212,13139.64
2021-09-30,26.4,27.8,25.0,89,4.4,4.4,79,1007.9,23.1,184,39983.41
2021-10-01,27.0,29.0,25.2,89,0.2,0.2,58,1008.8,15.1,194,41006.52
2021-10-02,26.9,28.7,24.9,89,0.8,0.8,87,1008.4,16.4,346,16993.15
2021-10-03,27.5,30.4,25.1,89,0.2,0.2,56,1007.8,17.8,337,41769.82
2021-10-04,28.0,30.6,26.2,88,0.0,0.0,52,1007.2,16.5,334,37656.37
2021-10-05,28.0,30.8,26.1,88,0.9,0.9,56,1007.3,17.7,346,28996.71
2021-10-06,28.3,31.3,26.4,88,7.4,7.4,84,1006.5,12.5,21,31206.57
2021-10-07,28.3,31.9,26.0,87,2.4,2.4,49,1005.8,12.1,356,40845.06
2021-10-08,27.1,29.2,25.3,88,6.8,6.8,92,1007.0,15.3,172,31995.15
2021-10-09,27.0,28.5,25.9,89,5.2,5.2,91,1008.4,13.3,180,21112.79
2021-10-10,27.2,29.2,25.9,87,6.2,6.2,65,1008.4,10.1,188,32714.21
2021-10-11,26.8,29.2,25.1,89,14.6,14.6,76,1007.0,15.3,341,32177.24
2021-10-12,27.6,30.1,25.2,88,0.7,0.7,62,1006.3,12.7,354,40187.13
2021-10-13,28.1,30.9,25.1,85,1.6,1.6,75,1006.0,12.8,345,40661.69
2021-10-14,28.6,31.9,25.5,80,0.7,0.7,81,1005.5,18.7,348,40175.05
2021-10-15,28.2,32.9,24.6,69,0.0,0.0,49,1003.5,18.6,6,40427.9
2021-10-16,27.5,31.5,24.1,70,0.0,0.0,20,1002.8,20.0,345,40680.76
2021-10-17,27.3,30.5,24.5,73,0.0,0.0,27,1003.9,17.4,321,40190.52
2021-10-18,27.8,30.1,25.3,80,1.1,1.1,12,1007.0,19.9,295,40173.86
2021-10-19,26.7,29.2,24.7,82,0.5,0.5,33,1010.9,13.8,303,38969.52
2021-10-20,26.3,29.7,23.6,84,0.0,0.0,18,1012.8,18.6,347,39506.51
2021-10-21,26.8,31.2,22.9,80,0.0,0.0,2,1012.5,18.1,350,39954.9
2021-10-22,27.1,32.1,22.3,73,0.0,0.0,17,1012.4,15.0,348,39956.35
2021-10-23,26.6,31.0,23.2,77,0.0,0.0,0,1012.8,18.1,345,39707.4
2021-10-24,26.0,29.5,22.9,80,0.0,0.0,22,1013.4,17.2,345,38912.64
2021-10-25,26.1,30.3,22.8,80,0.0,0.0,8,1012.5,20.2,349,39453.3
2021-10-26,26.9,32.0,22.9,74,0.0,0.0,6,1010.9,16.3,348,39452.9
2021-10-27,27.3,33.1,23.0,64,0.0,0.0,4,1011.2,20.2,2,39449.48
2021-10-28,27.7,33.6,23.4,58,0.0,0.0,8,1011.6,21.6,29,39193.58
2021-10-29,27.6,33.3,23.9,46,0.0,0.0,64,1012.7,21.2,29,39187.79
2021-10-30,27.5,33.1,24.0,46,0.0,0.0,87,1012.9,19.6,21,38637.13
2021-10-31,27.5,32.5,24.1,53,0.0,0.0,30,1011.9,18.1,8,38927.36
2021-11-01,27.0,32.1,22.5,67,0.0,0.0,73,1010.6,14.3,348,38457.14
2021-11-02,27.6,33.2,23.3,67,0.0,0.0,75,1010.1,14.2,9,37221.05
2021-11-03,27.9,33.7,23.7,60,0.0,0.0,52,1010.2,21.1,8,38527.94
2021-11-04,27.9,32.4,24.8,60,0.0,0.0,87,1009.8,15.8,7,36661.54
2021-11-05,28.0,32.3,24.3,70,1.6,1.6,82,1009.6,17.1,28,35250.23
2021-11-06,26.5,31.3,23.8,80,0.1,0.1,96,1009.2,15.3,41,33790.31
2021-11-07,26.5,29.2,24.1,76,0.0,0.0,98,1008.6,13.0,22,3528.22
2021-11-08,26.8,31.7,23.6,69,0.0,0.0,33,1010.1,16.8,2,36991.08
2021-11-09,26.0,32.4,21.5,61,0.0,0.0,40,1011.1,18.3,20,38477.59
2021-11-10,26.0,32.2,21.6,56,0.0,0.0,93,1010.4,20.9,20,37995.64
2021-11-11,26.2,32.6,21.3,48,0.0,0.0,83,1008.9,18.7,34,37824.78
2021-11-12,26.3,32.0,21.7,48,0.0,0.0,74,1008.5,22.6,8,36000.0
2021-11-13,27.2,32.7,23.4,57,0.0,0.0,64,1008.3,19.8,357,37350.02
2021-11-14,27.6,32.5,23.9,66,0.0,0.0,72,1008.0,18.1,355,37111.63
2021-11-15,27.9,32.5,24.6,65,0.0,0.0,77,1006.7,21.9,347,37132.42
2021-11-16,28.2,33.5,24.6,68,0.0,0.0,96,1006.1,19.2,5,36112.06
2021-11-17,27.5,32.2,24.5,76,2.1,2.1,99,1007.7,16.9,39,17505.54
2021-11-18,26.4,30.1,23.8,85,2.2,2.2,83,1008.2,13.4,41,36000.0
2021-11-19,26.7,31.4,23.6,85,0.7,0.7,73,1005.9,15.4,10,36693.44
2021-11-20,27.8,32.5,24.5,79,1.1,1.1,90,1005.1,12.2,37,36451.8
2021-11-21,27.6,32.8,25.3,81,7.9,7.9,95,1007.8,16.7,119,27971.99
2021-11-22,26.7,28.7,24.9,86,2.3,2.3,68,1011.3,10.2,337,33122.62
2021-11-23,27.1,30.5,24.7,86,0.0,0.0,27,1010.7,17.3,335,36248.31
2021-11-24,27.9,31.7,25.5,81,0.0,0.0,42,1010.3,16.6,346,36267.71
2021-11-25,27.8,32.6,24.6,74,0.0,0.0,47,1010.9,16.7,355,36551.1
2021-11-26,27.2,32.5,23.1,71,0.0,0.0,25,1011.5,15.0,353,36571.3
2021-11-27,26.7,32.6,22.2,72,0.0,0.0,89,1011.4,16.3,8,36062.68
2021-11-28,26.0,32.2,21.7,64,0.0,0.0,83,1012.0,16.1,30,36347.5
2021-11-29,26.0,32.5,21.4,55,0.0,0.0,95,1012.1,15.1,42,36000.0
2021-11-30,27.1,32.5,23.8,58,0.0,0.0,96,1011.2,15.0,40,25200.0
2021-12-01,23.0,24.7,20.7,82,41.4,41.4,100,1011.3,20.3,34,0.0
2021-12-02,22.3,24.8,19.3,89,56.7,56.7,100,1010.1,26.9,79,467.69
2021-12-03,24.2,27.0,22.0,89,0.8,0.8,46,1011.4,10.4,113,29015.37
2021-12-04,24.2,27.6,21.4,88,0.1,0.1,24,1012.0,11.3,99,36000.0
2021-12-05,23.8,26.7,20.9,88,0.2,0.2,50,1012.5,11.8,10,36000.0
2021-12-06,24.4,29.0,21.0,82,0.0,0.0,15,1012.3,16.3,3,36000.0
2021-12-07,25.4,30.1,22.0,73,0.0,0.0,8,1012.4,15.5,24,36000.0
2021-12-08,25.6,31.0,22.1,67,0.0,0.0,21,1012.5,16.2,27,36015.72
2021-12-09,25.7,29.9,22.7,68,0.0,0.0,12,1013.9,16.3,11,34751.81
2021-12-10,25.8,31.2,22.2,67,0.0,0.0,11,1014.4,15.8,31,36000.0
2021-12-11,25.4,31.0,22.2,71,0.0,0.0,32,1014.0,14.6,25,36000.0
2021-12-12,25.1,31.6,21.0,71,0.0,0.0,24,1013.9,13.5,38,36000.0
2021-12-13,24.3,29.3,20.7,71,0.0,0.0,20,1013.5,15.7,357,36000.0
2021-12-14,23.5,28.5,19.3,73,0.0,0.0,66,1013.3,17.1,354,36000.0
2021-12-15,22.9,27.3,19.1,80,0.0,0.0,94,1013.4,14.3,346,34398.39
2021-12-16,23.3,28.2,19.6,81,0.0,0.0,64,1014.3,16.7,349,35877.72
2021-12-17,23.6,28.0,20.3,76,0.0,0.0,66,1014.8,17.0,348,36167.19
2021-12-18,23.6,29.4,18.9,72,0.0,0.0,16,1014.6,15.9,357,36154.25
2021-12-19,23.6,29.8,19.7,68,0.0,0.0,0,1015.0,17.0,22,36140.64
2021-12-20,23.2,29.9,18.6,70,0.0,0.0,2,1014.9,14.7,12,36396.01
2021-12-21,22.9,28.6,17.8,73,0.0,0.0,10,1014.7,13.0,357,36381.22
2021-12-22,22.9,28.1,17.9,76,0.0,0.0,12,1013.3,12.5,339,36365.88
2021-12-23,22.5,28.0,18.2,75,0.0,0.0,0,1012.9,12.9,346,36619.76
2021-12-24,21.7,26.3,17.7,83,0.0,0.0,8,1013.4,14.6,343,36603.44
2021-12-25,21.5,26.3,17.6,82,0.0,0.0,31,1014.1,14.8,352,33289.44
2021-12-26,22.6,28.2,18.6,78,0.0,0.0,31,1014.6,17.8,350,36299.88
2021-12-27,23.0,29.4,17.9,73,0.0,0.0,42,1014.2,13.8,357,36061.24
2021-12-28,22.8,28.1,18.4,75,0.0,0.0,20,1013.6,21.5,343,36803.93
2021-12-29,22.8,27.6,19.5,66,0.0,0.0,13,1013.9,20.8,352,36785.86
2021-12-30,23.2,30.0,18.8,66,0.0,0.0,16,1014.6,20.8,15,36767.57
2021-12-31,24.8,31.4,20.9,66,0.0,0.0,7,1015.4,16.3,37,36749.12
2022-01-01,24.8,31.3,20.4,64,0.0,0.0,27,1015.8,13.9,28,36999.71
2022-01-02,24.8,30.6,20.5,65,0.0,0.0,2,1014.6,14.1,10,36980.95
2022-01-03,25.0,30.9,21.4,68,0.0,0.0,39,1014.0,13.8,9,36962.06
2022-01-04,24.7,31.3,20.4,73,0.0,0.0,6,1013.9,15.1,3,36942.67
2022-01-05,24.1,28.5,20.4,80,0.0,0.0,11,1013.5,17.3,328,37191.17
2022-01-06,23.5,27.9,20.5,80,0.0,0.0,23,1013.1,16.5,344,37170.54
2022-01-07,23.2,27.4,19.6,79,0.0,0.0,17,1012.5,15.5,301,37149.44
2022-01-08,22.5,24.5,21.0,85,2.3,2.3,53,1013.8,12.1,357,28259.19
2022-01-09,21.7,25.4,18.8,58,0.0,0.0,4,1013.9,22.0,347,37908.47
2022-01-10,19.6,24.3,16.0,57,0.0,0.0,0,1014.0,23.1,348,38152.66
2022-01-11,19.6,24.5,14.8,72,0.0,0.0,0,1013.6,15.2,348,38395.94
2022-01-12,20.7,25.1,16.4,68,0.0,0.0,0,1013.2,18.4,345,38371.79
2022-01-13,20.6,25.9,15.7,72,0.0,0.0,8,1012.3,15.4,341,38081.18
2022-01-14,21.4,25.8,17.2,76,0.0,0.0,32,1012.3,16.1,345,38322.9
2022-01-15,22.5,28.8,18.1,67,0.0,0.0,23,1012.9,20.5,8,38829.45
2022-01-16,24.0,31.4,19.1,59,0.0,0.0,8,1013.2,18.7,38,38804.07
2022-01-17,24.5,30.7,20.3,65,0.0,0.0,24,1015.1,14.8,8,35223.36
2022-01-18,24.1,29.0,20.0,67,0.0,0.0,2,1014.9,19.0,351,38958.02
2022-01-19,23.6,29.2,18.8,69,0.0,0.0,0,1013.5,17.2,343,38996.7
2022-01-20,22.7,27.5,19.0,70,0.0,0.0,0,1012.0,16.1,332,39034.89
2022-01-21,22.4,27.1,18.8,84,0.0,0.0,20,1011.8,14.2,336,39072.52
2022-01-22,23.5,26.7,20.2,81,1.0,1.0,50,1010.3,22.7,279,37663.18
2022-01-23,21.5,23.3,17.7,60,0.4,0.4,25,1011.6,22.4,316,39145.85
2022-01-24,19.1,24.3,14.3,57,0.0,0.0,2,1012.5,25.5,1,39182.08
2022-01-25,19.7,25.4,14.3,56,0.0,0.0,0,1012.1,18.8,353,39218.22
2022-01-26,21.0,27.3,15.8,55,0.0,0.0,1,1011.9,19.9,355,39254.23
2022-01-27,22.1,29.3,16.9,53,0.0,0.0,0,1012.2,20.5,3,39290.08
2022-01-28,23.6,30.6,18.5,45,0.0,0.0,0,1013.1,17.8,26,39325.74
2022-01-29,23.0,31.0,17.2,49,0.0,0.0,0,1014.0,17.2,11,39361.16
2022-01-30,22.3,29.9,16.3,56,0.0,0.0,1,1012.9,15.2,352,39396.32
2022-01-31,22.4,29.3,16.8,56,0.0,0.0,0,1012.1,17.3,341,39431.17
2022-02-01,21.8,29.4,16.0,65,0.0,0.0,0,1011.3,20.1,344,39465.7
2022-02-02,21.8,27.9,16.5,78,0.0,0.0,0,1011.4,18.1,330,39499.86
2022-02-03,21.8,26.3,17.1,85,0.0,0.0,36,1011.4,13.1,265,37467.36
2022-02-04,22.2,26.0,18.6,75,0.0,0.0,12,1011.0,12.7,299,39566.96
2022-02-05,21.3,27.7,15.7,70,0.0,0.0,13,1011.5,19.2,347,39599.83
2022-02-06,21.9,27.5,17.5,69,0.0,0.0,0,1013.1,19.4,325,39600.0
2022-02-07,21.6,26.1,18.3,81,0.0,0.0,13,1014.4,21.9,332,39600.0
2022-02-08,21.6,25.6,18.3,80,0.0,0.0,22,1013.7,17.3,325,39600.0
2022-02-09,21.7,26.4,17.7,79,0.0,0.0,35,1013.3,19.3,345,39600.0
2022-02-10,23.6,30.3,18.5,56,0.0,0.0,8,1012.5,24.0,346,39600.0
2022-02-11,25.4,32.2,20.9,45,0.0,0.0,0,1011.9,21.7,9,39600.0
2022-02-12,24.5,30.8,20.0,50,0.0,0.0,8,1011.7,21.0,347,39600.0
2022-02-13,23.7,30.3,18.6,59,0.0,0.0,0,1010.2,19.5,337,39600.0
2022-02-14,23.6,29.1,18.7,53,0.0,0.0,5,1010.7,19.5,345,39600.0
2022-02-15,22.9,27.3,19.0,65,0.0,0.0,0,1010.9,17.3,332,39600.0
2022-02-16,22.1,26.5,18.7,80,0.0,0.0,2,1009.4,16.5,332,39600.0
2022-02-17,21.9,26.9,17.6,81,0.0,0.0,31,1008.2,14.0,323,36159.76
2022-02-18,23.1,28.2,18.4,78,0.0,0.0,9,1009.1,14.6,284,39600.0
2022-02-19,23.7,29.7,18.9,75,0.0,0.0,3,1011.1,17.9,327,39600.0
2022-02-20,24.4,31.0,19.4,63,0.0,0.0,34,1010.8,20.2,339,39600.0
2022-02-21,23.9,31.3,17.9,55,0.0,0.0,10,1010.1,22.9,338,39600.0
2022-02-22,23.5,30.4,18.4,65,0.0,0.0,0,1010.9,21.8,334,39600.0
2022-02-23,24.1,29.9,18.5,65,0.0,0.0,1,1012.3,18.9,338,39600.0
2022-02-24,25.3,30.3,20.2,61,0.0,0.0,43,1013.6,20.1,328,39600.0
2022-02-25,25.3,30.7,20.7,56,0.0,0.0,2,1013.0,22.9,325,39600.0
2022-02-26,24.7,30.5,20.0,62,0.0,0.0,5,1012.9,21.8,334,39600.0
2022-02-27,25.2,31.1,19.9,54,0.0,0.0,15,1013.1,24.2,332,39600.0
2022-02-28,25.5,32.4,20.0,49,0.0,0.0,0,1012.6,21.3,332,39600.0
2022-03-01,25.9,32.5,21.0,51,0.0,0.0,0,1012.6,18.9,337,39600.0
2022-03-02,27.0,34.5,21.6,50,0.0,0.0,1,1011.6,22.4,339,39600.0
2022-03-03,27.7,35.4,21.6,43,0.0,0.0,4,1011.5,24.7,345,39684.96
2022-03-04,27.6,34.5,23.8,37,0.0,0.0,1,1011.9,24.7,343,39662.42
2022-03-05,26.6,34.3,20.8,48,0.0,0.0,2,1010.9,23.7,337,39639.59
2022-03-06,27.3,34.2,22.5,51,0.0,0.0,10,1009.8,20.4,327,39616.3
2022-03-07,27.7,32.2,24.3,54,0.0,0.0,33,1010.1,16.0,326,39600.0
2022-03-08,29.0,36.0,25.2,52,0.0,0.0,40,1010.1,23.2,354,39600.0
2022-03-09,28.4,34.1,24.5,54,0.1,0.1,19,1010.1,16.9,342,39600.0
2022-03-10,28.1,33.8,23.1,54,0.0,0.0,4,1009.9,19.0,346,40007.47
2022-03-11,28.4,33.3,24.0,51,0.0,0.0,3,1009.6,16.5,330,39982.25
2022-03-12,28.6,36.3,22.8,52,0.0,0.0,4,1009.3,18.0,334,40200.63
2022-03-13,29.0,36.3,22.6,47,0.0,0.0,0,1009.5,23.3,342,40418.66
2022-03-14,29.1,36.0,22.8,36,0.0,0.0,11,1009.9,21.5,346,40392.83
2022-03-15,29.6,36.0,23.8,43,0.0,0.0,4,1008.6,22.2,337,40610.48
2022-03-16,29.9,35.4,23.3,45,0.0,0.0,17,1007.2,26.0,338,40584.54
2022-03-17,29.8,35.5,24.6,44,0.0,0.0,3,1006.4,23.5,328,40802.04
2022-03-18,29.2,34.8,22.8,54,0.0,0.0,6,1006.1,27.1,327,40776.24
2022-03-19,27.7,32.0,23.5,71,0.0,0.0,36,1006.4,20.8,277,40750.59
2022-03-20,27.0,30.2,24.0,79,0.0,0.0,52,1007.2,26.9,268,37533.22
2022-03-21,26.8,30.5,22.6,75,0.0,0.0,51,1008.0,24.2,321,38487.84
2022-03-22,29.3,34.3,24.6,46,0.0,0.0,43,1007.3,26.5,339,37142.95
2022-03-23,30.9,38.0,26.1,31,0.0,0.0,54,1006.4,28.0,345,41380.15
2022-03-24,28.5,33.7,24.9,46,0.0,0.0,44,1006.9,20.1,301,40279.5
2022-03-25,27.4,32.1,23.8,74,0.0,0.0,13,1008.4,21.6,287,41088.51
2022-03-26,27.5,32.4,23.3,78,0.0,0.0,26,1010.6,22.2,291,41307.68
2022-03-27,27.6,32.3,23.6,77,0.0,0.0,17,1010.8,21.2,296,41283.47
2022-03-28,27.6,32.3,24.3,81,0.0,0.0,10,1009.9,20.7,297,41259.27
2022-03-29,28.4,33.5,23.2,68,0.0,0.0,13,1008.6,20.4,318,42453.17
2022-03-30,28.2,33.8,22.8,69,0.0,0.0,0,1008.4,19.4,321,42673.28
2022-03-31,26.6,31.9,22.0,74,0.0,0.0,0,1009.2,17.4,318,42765.26
2022-04-01,26.7,33.0,22.1,76,0.0,0.0,18,1009.1,19.1,311,42138.96
2022-04-02,27.0,31.0,23.3,79,0.0,0.0,45,1010.1,19.4,273,42359.93
2022-04-03,27.2,31.6,23.0,80,0.0,0.0,44,1009.4,23.4,302,41116.12
2022-04-04,27.9,32.1,25.0,81,0.0,0.0,13,1009.6,23.9,276,42803.56
2022-04-05,28.2,32.2,24.7,82,0.0,0.0,40,1011.3,22.5,275,42781.85
2022-04-06,28.2,32.0,24.9,81,0.0,0.0,34,1011.7,19.8,265,43067.7
2022-04-07,28.5,32.6,25.2,80,0.0,0.0,55,1010.4,18.9,265,43116.99
2022-04-08,28.4,33.4,24.4,80,0.0,0.0,37,1008.7,21.3,240,43165.77
2022-04-09,28.6,32.1,26.0,81,0.0,0.0,30,1008.6,17.4,216,43155.31
2022-04-10,28.8,32.6,26.0,74,0.0,0.0,50,1008.6,19.6,255,43200.0
2022-04-11,28.6,32.5,25.6,75,0.0,0.0,87,1007.6,23.4,286,43200.0
2022-04-12,28.7,33.6,24.0,73,0.0,0.0,63,1006.3,22.7,321,40292.36
2022-04-13,29.3,34.9,24.2,69,0.0,0.0,52,1005.5,23.1,326,43200.0
2022-04-14,28.5,32.1,25.2,78,0.0,0.0,36,1006.5,18.0,278,42575.65
2022-04-15,28.3,32.1,25.4,75,0.0,0.0,16,1007.3,18.9,264,43200.0
2022-04-16,27.5,31.6,23.4,79,0.0,0.0,7,1006.5,19.6,267,43200.0
2022-04-17,28.1,32.0,24.7,75,0.0,0.0,11,1007.4,19.9,259,43117.19
2022-04-18,28.1,31.5,24.8,77,0.0,0.0,20,1009.6,23.8,285,43200.0
2022-04-19,28.2,32.2,24.8,78,0.0,0.0,57,1010.9,23.4,309,43200.0
2022-04-20,29.1,32.9,25.1,76,0.0,0.0,49,1008.6,22.5,324,39952.21
2022-04-21,32.0,38.4,28.1,47,0.0,0.0,27,1006.2,29.8,338,39704.1
2022-04-22,31.2,36.4,26.8,58,0.0,0.0,11,1006.9,21.3,326,43200.0
2022-04-23,30.9,37.1,26.3,69,0.0,0.0,11,1007.8,17.7,285,43200.0
2022-04-24,30.0,33.9,27.0,78,0.0,0.0,20,1008.3,17.3,247,43200.0
2022-04-25,30.8,36.5,25.4,60,0.0,0.0,0,1006.6,23.7,330,43200.0
2022-04-26,30.1,33.9,26.3,68,0.0,0.0,3,1007.4,19.2,286,43200.0
2022-04-27,30.9,35.4,25.9,61,0.0,0.0,12,1006.1,24.0,330,41628.51
2022-04-28,31.0,36.2,26.4,62,0.0,0.0,15,1006.7,19.5,287,36707.72
2022-04-29,30.1,33.3,27.8,77,0.0,0.0,4,1008.6,17.0,244,43200.0
2022-04-30,29.3,33.1,25.7,77,0.0,0.0,1,1007.2,18.7,236,43200.0
2022-05-01,29.5,33.0,26.2,79,0.0,0.0,10,1006.2,16.7,246,43200.0
2022-05-02,29.9,32.6,27.9,76,0.0,0.0,13,1006.4,19.8,248,43200.0
2022-05-03,29.9,32.9,27.3,76,0.0,0.0,15,1007.2,19.6,271,43200.0
2022-05-04,29.3,32.7,26.9,76,0.0,0.0,14,1008.2,21.3,293,43200.0
2022-05-05,28.9,33.1,25.7,79,0.0,0.0,19,1008.1,23.4,318,43200.0
2022-05-06,29.1,32.8,26.4,77,0.1,0.1,20,1007.5,22.5,316,42376.82
2022-05-07,29.3,33.1,26.1,79,0.0,0.0,25,1006.9,22.9,306,41555.38
2022-05-08,29.6,33.2,26.3,80,0.0,0.0,25,1005.0,26.7,308,43200.0
2022-05-09,29.5,32.6,26.9,80,0.0,0.0,54,1004.2,24.6,298,41525.13
2022-05-10,29.9,32.7,28.0,75,0.0,0.0,97,1003.9,24.5,297,41315.31
2022-05-11,29.7,32.5,27.5,76,0.0,0.0,92,1003.8,19.8,270,35507.41
2022-05-12,29.9,32.6,28.5,71,0.0,0.0,81,1004.8,18.4,251,30449.26
2022-05-13,29.8,32.1,28.3,71,0.0,0.0,61,1004.5,18.5,242,28800.0
2022-05-14,29.8,32.4,28.1,71,0.0,0.0,23,1005.0,17.1,250,42117.17
2022-05-15,29.9,32.9,28.2,72,0.0,0.0,16,1006.0,18.1,270,43200.0
2022-05-16,29.7,32.7,27.3,74,0.0,0.0,14,1005.4,23.3,294,43200.0
2022-05-17,29.8,32.9,27.9,73,0.0,0.0,33,1004.5,18.2,277,39600.0
2022-05-18,29.4,32.3,27.4,72,0.0,0.0,36,1004.8,20.2,281,43200.0
2022-05-19,29.5,32.2,27.5,73,0.0,0.0,33,1005.2,21.9,286,43200.0
2022-05-20,29.7,32.1,27.9,68,0.1,0.1,59,1006.3,19.6,248,43200.0
2022-05-21,30.2,32.5,28.6,64,0.1,0.1,66,1006.1,21.6,239,39836.71
2022-05-22,30.2,32.5,28.8,66,1.0,1.0,45,1004.3,22.9,246,42680.49
2022-05-23,30.2,32.8,28.6,69,2.7,2.7,47,1003.6,22.6,244,42959.75
2022-05-24,30.2,32.6,28.3,69,0.4,0.4,33,1006.1,22.0,257,43200.0
2022-05-25,29.7,32.4,27.6,70,0.6,0.6,18,1008.4,18.7,282,43200.0
2022-05-26,30.1,32.8,27.9,64,0.0,0.0,20,1008.1,18.4,270,43200.0
2022-05-27,30.4,33.3,28.5,61,0.0,0.0,41,1007.8,20.1,257,43200.0
2022-05-28,30.4,33.0,28.6,61,0.0,0.0,33,1006.9,20.2,256,43200.0
2022-05-29,30.5,33.1,28.9,61,0.1,0.1,42,1006.9,20.6,259,42327.82
2022-05-30,30.1,32.6,28.3,64,0.1,0.1,39,1006.6,20.3,267,43200.0
2022-05-31,30.0,32.9,28.1,66,0.0,0.0,61,1006.0,21.4,283,43200.0
2022-06-01,29.8,32.3,28.3,67,0.0,0.0,35,1006.1,21.3,284,43200.0
2022-06-02,29.7,32.2,27.9,69,0.0,0.0,89,1006.3,21.1,281,40625.29
2022-06-03,29.3,31.8,27.6,71,0.0,0.0,30,1006.1,20.3,282,43169.21
2022-06-04,29.7,32.4,27.6,71,0.0,0.0,47,1005.6,18.9,288,42747.47
2022-06-05,29.6,32.4,27.5,72,0.0,0.0,38,1005.5,20.6,278,43200.0
2022-06-06,29.7,32.1,27.7,71,0.0,0.0,65,1005.9,17.9,256,43200.0
2022-06-07,29.7,32.7,27.9,73,1.0,1.0,57,1006.2,18.2,244,40869.2
2022-06-08,29.3,31.8,27.1,78,2.5,2.5,39,1005.9,17.8,244,43191.75
2022-06-09,28.9,31.1,26.7,78,7.3,7.3,73,1004.8,16.9,240,39600.0
2022-06-10,28.1,30.8,26.6,81,13.8,13.8,86,1004.8,18.7,199,35221.42
2022-06-11,27.2,29.8,25.6,84,25.2,25.2,96,1005.4,23.0,199,24173.46
2022-06-12,26.7,28.4,25.7,85,15.9,15.9,90,1005.3,25.3,188,16649.34
2022-06-13,27.5,29.6,25.2,83,8.0,8.0,73,1006.5,26.3,189,40661.97
2022-06-14,28.2,30.5,25.6,80,2.5,2.5,37,1006.7,22.9,198,41529.41
2022-06-15,28.2,30.1,26.3,80,6.1,6.1,54,1006.1,21.0,223,41166.42
2022-06-16,27.9,30.1,25.8,82,5.1,5.1,76,1005.7,20.1,209,39068.76
2022-06-17,27.9,29.8,26.0,83,3.0,3.0,96,1005.1,19.8,206,31722.11
2022-06-18,28.3,29.8,26.5,81,6.6,6.6,96,1005.2,22.4,204,40559.07
2022-06-19,26.9,28.4,25.3,86,36.7,36.7,98,1005.8,22.0,211,33614.95
2022-06-20,26.0,26.7,25.1,91,54.8,54.8,100,1004.8,18.4,227,0.0
2022-06-21,26.1,27.9,24.8,89,23.0,23.0,100,1002.7,21.0,203,14698.03
2022-06-22,26.5,29.2,25.1,88,26.9,26.9,99,1003.9,19.2,184,24622.54
2022-06-23,26.3,28.7,24.7,89,46.8,46.8,96,1005.0,12.9,160,21623.32
2022-06-24,26.7,29.9,25.5,88,17.5,17.5,96,1003.2,22.7,151,18970.66
2022-06-25,26.7,29.3,25.5,87,15.6,15.6,89,1000.3,22.9,143,27393.31
2022-06-26,26.2,28.0,25.3,89,15.7,15.7,96,1000.6,29.5,158,11712.32
2022-06-27,26.4,28.3,25.4,88,31.7,31.7,98,1003.1,23.2,199,16863.68
2022-06-28,26.5,28.1,25.5,88,10.0,10.0,100,1004.6,20.0,203,19212.12
2022-06-29,26.7,28.4,25.7,88,16.0,16.0,100,1003.5,19.4,217,21427.56
2022-06-30,26.2,27.8,25.4,90,41.6,41.6,100,1003.4,20.2,221,19960.15
2022-07-01,25.7,26.4,24.9,92,43.4,43.4,100,1004.1,18.6,222,0.0
2022-07-02,26.1,27.5,25.1,89,23.9,23.9,100,1002.7,21.1,232,15985.22
2022-07-03,26.2,27.3,24.9,89,20.5,20.5,97,1002.4,23.1,217,34002.32
2022-07-04,26.0,27.0,25.1,89,28.2,28.2,100,1002.3,20.6,227,349.44
2022-07-05,25.8,26.5,25.2,91,55.5,55.5,100,1001.0,21.1,245,0.0
2022-07-06,25.8,26.7,25.4,90,35.6,35.6,100,1002.3,20.7,225,0.0
2022-07-07,26.2,27.1,25.7,89,37.2,37.2,100,1005.2,21.9,248,0.0
2022-07-08,26.4,28.6,25.3,86,25.0,25.0,100,1004.7,25.9,265,13049.73
2022-07-09,25.6,26.9,24.5,90,37.8,37.8,100,1003.4,24.2,266,39.79
2022-07-10,25.1,26.3,24.3,91,52.5,52.5,100,1004.4,22.0,273,0.0
2022-07-11,24.8,25.6,23.2,92,79.9,79.9,100,1005.9,25.0,270,0.0
2022-07-12,24.8,25.9,23.8,92,65.0,65.0,100,1005.5,22.8,270,0.0
2022-07-13,25.2,25.9,24.4,90,68.3,68.3,100,1002.1,32.1,263,0.0
2022-07-14,25.5,26.0,24.9,90,60.2,60.2,100,999.3,32.2,238,0.0
2022-07-15,26.4,28.1,25.6,86,25.3,25.3,100,999.6,34.6,231,10677.65
2022-07-16,26.6,28.0,25.7,86,24.8,24.8,92,1000.9,32.5,227,29445.84
2022-07-17,26.9,28.8,25.7,85,10.3,10.3,89,1004.0,23.0,236,36081.83
2022-07-18,25.3,26.2,24.4,91,30.3,30.3,100,1005.1,18.5,243,0.0
2022-07-19,25.5,26.5,24.3,90,34.3,34.3,95,1005.8,21.1,246,6398.83
2022-07-20,26.2,27.7,25.1,86,13.4,13.4,82,1006.6,18.5,247,24102.08
2022-07-21,26.5,27.9,25.1,84,6.0,6.0,100,1006.9,18.8,249,30769.31
2022-07-22,26.8,28.9,25.2,83,4.8,4.8,99,1007.4,20.4,269,33958.6
2022-07-23,25.8,26.9,24.8,88,28.2,28.2,100,1005.8,19.1,258,9704.08
2022-07-24,25.5,26.4,24.9,89,25.8,25.8,100,1005.0,19.5,243,2190.69
2022-07-25,26.3,28.0,24.9,86,10.2,10.2,100,1006.3,18.8,228,20722.26
2022-07-26,26.3,27.4,25.4,87,4.1,4.1,100,1008.1,15.8,227,14235.66
2022-07-27,26.4,28.3,25.1,87,6.5,6.5,99,1008.1,12.2,245,20711.96
2022-07-28,27.0,28.8,24.5,86,2.5,2.5,89,1008.8,16.3,309,36472.43
2022-07-29,27.3,29.3,25.6,86,1.1,1.1,98,1008.3,17.4,328,32193.73
2022-07-30,27.5,29.2,26.1,84,0.2,0.2,99,1007.3,16.8,306,39167.86
2022-07-31,27.4,29.0,25.6,84,2.0,2.0,65,1005.9,17.3,289,40777.24
2022-08-01,27.2,29.0,25.9,83,2.1,2.1,89,1006.0,17.4,287,34445.7
2022-08-02,27.3,29.2,25.8,83,2.8,2.8,100,1005.0,16.7,291,37925.37
2022-08-03,27.2,28.9,25.6,85,10.3,10.3,96,1004.1,15.2,284,38231.61
2022-08-04,27.0,28.5,25.4,87,13.6,13.6,100,1003.0,13.3,272,23428.79
2022-08-05,26.1,27.1,25.6,90,27.2,27.2,100,1001.6,15.1,216,2269.46
2022-08-06,26.1,27.6,25.2,89,33.7,33.7,96,1000.5,17.1,229,20901.13
2022-08-07,26.3,27.7,25.7,90,56.5,56.5,100,999.8,16.1,222,14788.88
2022-08-08,26.2,27.2,25.6,89,32.6,32.6,100,998.4,35.1,244,1610.75
2022-08-09,26.0,26.7,25.3,89,71.3,71.3,100,997.8,35.5,238,173.1
2022-08-10,26.1,27.3,25.5,88,37.6,37.6,100,997.3,36.6,231,5442.52
2022-08-11,26.5,28.0,25.7,85,23.1,23.1,100,998.8,37.7,227,24307.04
2022-08-12,26.5,28.0,25.2,84,16.1,16.1,86,1002.2,39.5,225,24404.44
2022-08-13,26.6,28.5,25.2,83,13.1,13.1,80,1004.2,29.8,230,35994.16
2022-08-14,26.8,28.2,24.8,81,11.0,11.0,95,1005.8,29.6,237,36947.32
2022-08-15,25.7,26.8,24.8,88,29.0,29.0,100,1006.1,24.8,243,0.0
2022-08-16,25.5,26.2,24.9,89,64.1,64.1,100,1005.3,31.9,231,0.0
2022-08-17,26.0,27.4,24.9,86,19.3,19.3,96,1006.5,29.8,222,32981.4
2022-08-18,26.4,27.7,24.9,84,10.5,10.5,88,1007.0,27.3,232,34661.11
2022-08-19,26.1,27.9,25.2,85,11.9,11.9,94,1007.4,24.7,234,34398.74
2022-08-20,26.3,27.9,25.3,86,6.2,6.2,87,1007.3,21.7,253,35432.68
2022-08-21,26.3,27.7,25.2,85,5.8,5.8,92,1006.1,21.3,262,32400.61
2022-08-22,26.2,27.2,25.1,86,9.1,9.1,100,1004.9,23.4,264,5733.42
2022-08-23,26.2,28.0,25.0,86,7.9,7.9,99,1005.0,24.8,248,20735.52
2022-08-24,26.1,27.9,24.8,86,7.8,7.8,96,1007.6,22.9,244,32604.43
2022-08-25,25.9,27.5,24.9,87,6.1,6.1,79,1007.5,17.1,232,37289.19
2022-08-26,26.1,27.9,24.3,85,2.2,2.2,67,1007.5,15.2,241,39600.0
2022-08-27,26.3,28.1,24.7,83,1.8,1.8,87,1007.8,16.6,275,39600.0
2022-08-28,26.2,28.0,24.6,85,2.0,2.0,95,1007.5,17.6,296,39455.94
2022-08-29,26.3,28.7,24.4,85,1.2,1.2,97,1008.6,16.7,315,40670.4
2022-08-30,27.1,29.4,25.3,86,0.6,0.6,88,1008.5,18.3,332,33248.22
2022-08-31,27.4,29.5,25.1,88,18.7,18.7,84,1007.0,18.0,328,37789.68
2022-09-01,26.7,28.9,25.1,88,1.7,1.7,98,1006.9,16.0,350,20269.68
2022-09-02,27.4,30.4,25.1,87,10.0,10.0,57,1007.1,13.6,350,42305.79
2022-09-03,27.6,29.9,25.7,87,0.9,0.9,49,1007.5,15.4,216,43200.0
2022-09-04,27.0,28.6,26.0,88,9.9,9.9,99,1007.7,14.8,265,16362.48
2022-09-05,27.3,29.0,26.0,83,1.8,1.8,78,1007.7,15.8,299,29537.47
2022-09-06,27.0,29.1,25.5,84,4.9,4.9,70,1007.1,13.3,320,33413.6
2022-09-07,27.1,30.1,25.3,88,20.1,20.1,80,1006.8,15.6,351,36976.13
2022-09-08,26.5,28.5,24.9,90,39.7,39.7,99,1005.5,12.0,354,17797.1
2022-09-09,27.0,29.6,25.0,88,27.0,27.0,99,1004.4,13.7,180,37195.85
2022-09-10,26.8,29.5,25.5,89,13.2,13.2,86,1004.5,11.7,178,32220.91
2022-09-11,26.5,29.2,24.9,88,25.5,25.5,100,1002.2,13.0,337,22190.22
2022-09-12,26.2,28.5,25.0,89,21.8,21.8,100,1001.0,17.7,219,15715.55
2022-09-13,26.0,26.7,25.0,90,51.7,51.7,100,1002.9,24.1,245,0.0
2022-09-14,26.0,27.5,25.3,89,81.9,81.9,97,1006.0,27.3,229,20485.7
2022-09-15,26.2,27.8,25.3,88,68.7,68.7,100,1007.3,30.5,235,11265.61
2022-09-16,25.5,26.1,24.6,91,96.6,96.6,100,1006.4,25.9,248,0.0
2022-09-17,25.3,27.4,24.3,90,36.6,36.6,92,1006.8,20.2,222,28168.2
2022-09-18,25.0,26.5,24.0,90,61.8,61.8,98,1008.6,16.0,251,7669.53
2022-09-19,25.9,27.8,24.2,83,2.9,2.9,84,1009.1,19.2,266,36449.01
2022-09-20,25.1,26.2,24.3,88,15.0,15.0,98,1008.9,13.2,288,0.0
2022-09-21,25.2,27.0,24.2,88,12.3,12.3,94,1008.9,15.2,272,14804.59
2022-09-22,24.9,25.7,24.2,90,18.0,18.0,100,1009.2,14.4,240,0.0
2022-09-23,25.9,28.1,24.1,83,4.0,4.0,94,1009.1,18.7,212,37920.7
2022-09-24,25.4,27.2,24.3,87,5.2,5.2,85,1008.5,17.2,207,37811.52
2022-09-25,25.7,27.4,24.3,86,4.7,4.7,63,1008.4,12.1,232,40152.91
2022-09-26,25.7,27.8,23.5,85,3.0,3.0,57,1010.1,14.7,272,36882.13
2022-09-27,25.9,28.0,23.8,86,0.9,0.9,69,1008.8,13.1,298,39411.31
2022-09-28,26.0,28.0,24.3,87,2.3,2.3,73,1007.8,15.7,291,41854.35
2022-09-29,25.9,28.0,24.0,89,2.0,2.0,61,1007.7,15.3,338,36232.95
2022-09-30,26.5,29.0,24.4,89,2.2,2.2,58,1008.2,15.5,335,36808.25
2022-10-01,25.9,27.9,23.3,89,10.3,10.3,62,1008.9,16.1,312,38714.61
2022-10-02,26.2,28.6,24.0,87,0.7,0.7,35,1009.1,16.3,325,42347.94
2022-10-03,26.3,28.6,24.2,87,0.6,0.6,48,1009.5,18.9,336,41794.57
2022-10-04,26.9,29.4,24.4,86,0.0,0.0,79,1009.3,19.7,337,40852.58
2022-10-05,27.2,30.0,24.9,88,2.4,2.4,96,1008.1,20.2,345,38439.92
2022-10-06,27.4,29.5,25.3,86,3.5,3.5,94,1006.4,22.1,314,26513.59
2022-10-07,25.8,27.0,24.4,87,27.7,27.7,100,1005.3,18.1,306,8343.11
2022-10-08,25.8,27.3,24.8,87,31.9,31.9,100,1007.5,17.6,235,8189.8
2022-10-09,26.7,28.9,25.2,85,1.1,1.1,62,1009.1,13.0,217,37539.7
2022-10-10,26.8,29.8,24.2,86,0.2,0.2,88,1010.0,12.9,344,34193.67
2022-10-11,26.7,29.9,24.4,88,11.1,11.1,87,1008.9,12.4,7,31206.16
2022-10-12,25.8,28.3,24.1,89,13.8,13.8,100,1009.6,11.0,38,28854.71
2022-10-13,26.4,29.7,23.9,90,2.1,2.1,74,1009.6,9.8,43,31370.86
2022-10-14,26.5,30.5,24.5,87,14.5,14.5,78,1009.5,10.8,76,34528.4
2022-10-15,27.4,31.9,24.0,76,0.9,0.9,17,1008.4,13.4,18,40293.07
2022-10-16,27.6,32.0,24.6,67,0.0,0.0,42,1009.4,15.6,39,39934.4
2022-10-17,27.2,29.9,25.0,82,6.4,6.4,85,1011.0,15.0,121,36805.46
2022-10-18,26.0,27.6,24.5,89,7.4,7.4,98,1011.2,16.9,182,21596.76
2022-10-19,26.5,29.5,24.6,88,4.4,4.4,84,1010.6,9.9,354,37221.47
2022-10-20,26.7,29.6,24.1,88,0.7,0.7,42,1010.9,11.9,351,37755.02
2022-10-21,26.9,30.8,24.7,85,3.8,3.8,22,1012.2,9.7,67,38689.08
2022-10-22,27.0,30.4,24.7,81,1.3,1.3,17,1013.2,17.7,50,39328.48
2022-10-23,26.3,31.4,22.7,67,0.0,0.0,0,1013.1,13.8,25,39959.66
2022-10-24,25.4,30.6,20.4,71,0.0,0.0,0,1011.3,12.5,355,39709.97
2022-10-25,25.4,30.0,21.3,77,0.0,0.0,0,1011.4,13.1,353,39708.86
2022-10-26,25.2,30.5,20.9,74,0.0,0.0,0,1012.7,14.8,5,39706.72
2022-10-27,25.2,30.6,21.1,72,0.0,0.0,4,1012.6,13.6,13,39452.38
2022-10-28,25.6,31.1,20.6,68,0.0,0.0,1,1012.0,11.4,46,38805.17
2022-10-29,25.5,31.8,20.5,61,0.0,0.0,0,1011.8,11.8,56,39441.43
2022-10-30,25.6,31.8,20.3,59,0.0,0.0,0,1012.1,14.6,29,39434.08
2022-10-31,25.3,31.8,20.5,61,0.0,0.0,0,1011.7,16.6,33,39173.15
2022-11-01,25.4,31.5,21.0,58,0.0,0.0,0,1012.4,16.4,41,39163.4
2022-11-02,25.5,31.6,21.1,64,0.0,0.0,0,1011.7,15.5,21,39152.62
2022-11-03,26.0,33.3,20.6,57,0.0,0.0,0,1011.3,14.6,37,39140.85
2022-11-04,26.2,33.4,21.0,56,0.0,0.0,0,1012.0,15.7,37,39128.09
2022-11-05,26.3,33.3,21.0,55,0.0,0.0,0,1013.1,15.7,24,39098.5
2022-11-06,25.9,33.0,21.0,59,0.0,0.0,3,1013.5,14.2,12,38844.52
2022-11-07,25.3,31.8,19.8,65,0.0,0.0,44,1013.3,13.2,10,38250.67
2022-11-08,26.0,32.3,21.0,63,0.0,0.0,2,1013.0,15.3,2,38437.17
2022-11-09,26.1,31.7,21.1,61,0.0,0.0,7,1012.8,17.7,351,38214.18
2022-11-10,25.9,32.4,21.4,61,0.0,0.0,0,1013.1,20.3,15,38057.6
2022-11-11,26.4,33.1,21.1,55,0.0,0.0,17,1013.3,18.6,33,38079.15
2022-11-12,26.6,33.0,22.0,57,0.0,0.0,10,1013.0,18.6,27,37842.29
2022-11-13,26.6,32.8,22.1,57,0.0,0.0,0,1012.0,16.4,24,37863.7
2022-11-14,26.2,32.5,21.6,66,0.0,0.0,0,1012.2,14.7,7,37625.81
2022-11-15,26.2,31.5,21.6,69,0.0,0.0,0,1012.7,13.3,348,37647.01
2022-11-16,26.2,32.2,21.6,63,0.0,0.0,0,1012.0,16.4,351,37408.0
2022-11-17,26.0,32.4,21.6,57,0.0,0.0,0,1011.9,18.4,14,37428.91
2022-11-18,25.7,31.7,21.7,48,0.0,0.0,0,1012.3,17.6,22,37453.57
2022-11-19,25.3,31.4,20.8,47,0.0,0.0,0,1012.2,15.9,31,37480.11
2022-11-20,24.3,30.3,19.6,49,0.0,0.0,0,1011.4,20.4,30,37244.27
2022-11-21,23.6,29.8,18.3,51,0.0,0.0,24,1011.2,16.5,11,37269.5
2022-11-22,24.1,30.8,18.8,56,0.0,0.0,60,1011.1,17.1,2,37009.78
2022-11-23,25.5,31.4,21.4,54,0.0,0.0,96,1011.1,19.1,3,36767.99
2022-11-24,25.4,31.3,20.6,59,0.0,0.0,27,1010.8,16.1,356,36789.03
2022-11-25,26.0,31.9,21.0,63,0.0,0.0,63,1011.3,13.1,355,36546.49
2022-11-26,26.5,32.1,22.4,67,0.0,0.0,13,1010.4,13.8,356,36303.36
2022-11-27,26.2,30.6,22.1,69,0.0,0.0,0,1008.7,14.8,330,36324.02
2022-11-28,24.9,30.2,20.4,68,0.0,0.0,8,1009.7,16.1,337,36637.87
2022-11-29,24.2,29.8,19.6,71,0.0,0.0,30,1010.6,13.6,338,36365.47
2022-11-30,25.9,32.1,20.6,66,0.0,0.0,38,1011.2,15.0,357,36386.12
2022-12-01,25.8,32.5,21.1,61,0.0,0.0,50,1011.1,14.6,26,36000.0
2022-12-02,25.1,32.0,19.6,61,0.0,0.0,0,1010.5,14.0,6,36447.04
2022-12-03,25.2,31.1,20.0,62,0.0,0.0,7,1010.7,17.9,353,36181.09
2022-12-04,26.5,32.3,22.0,65,0.0,0.0,60,1011.2,13.0,351,36000.0
2022-12-05,26.8,31.7,22.9,69,0.0,0.0,5,1012.2,14.6,346,36000.0
2022-12-06,26.9,32.2,23.5,69,0.0,0.0,14,1011.8,18.3,342,36000.0
2022-12-07,26.5,32.1,22.6,68,0.0,0.0,16,1011.3,18.7,341,36000.0
2022-12-08,25.8,31.3,21.0,64,0.0,0.0,65,1011.1,18.4,355,36009.36
2022-12-09,24.5,30.3,20.1,51,0.0,0.0,54,1009.6,19.8,11,36000.0
2022-12-10,23.8,31.4,18.0,57,0.0,0.0,34,1009.2,17.6,6,36287.99
2022-12-11,24.7,30.9,18.7,57,0.0,0.0,16,1009.8,17.6,359,36000.0
2022-12-12,26.5,31.9,21.8,63,0.0,0.0,14,1009.4,16.8,359,36000.0
2022-12-13,27.7,32.4,24.3,67,0.0,0.0,66,1009.8,14.6,39,36000.0
2022-12-14,28.0,32.1,25.5,66,0.2,0.2,94,1010.9,15.5,50,36000.0
2022-12-15,27.2,31.7,24.4,71,0.0,0.0,66,1010.9,13.6,15,33912.1
2022-12-16,27.5,33.3,23.6,69,0.0,0.0,15,1010.5,15.9,351,36000.0
2022-12-17,27.6,33.5,23.8,68,0.0,0.0,14,1011.2,16.9,356,36000.0
2022-12-18,28.0,33.3,24.8,63,0.0,0.0,24,1010.9,20.5,360,36155.14
2022-12-19,26.9,31.3,23.6,59,0.0,0.0,10,1010.0,17.1,360,36141.37
2022-12-20,25.9,30.4,21.4,57,0.0,0.0,14,1009.6,16.9,344,36396.76
2022-12-21,25.3,31.0,20.3,62,0.0,0.0,2,1010.2,15.4,352,36382.13
2022-12-22,24.9,31.0,20.1,67,0.0,0.0,0,1010.1,15.9,342,36367.13
2022-12-23,24.4,29.5,21.0,62,0.0,0.0,1,1011.0,20.4,339,36621.5
2022-12-24,22.7,28.8,19.1,52,0.0,0.0,33,1012.0,19.2,347,36605.83
2022-12-25,21.6,27.6,16.4,66,0.0,0.0,8,1012.1,14.0,337,36859.59
2022-12-26,21.7,28.0,16.1,73,0.0,0.0,1,1013.2,15.9,347,36573.61
2022-12-27,23.2,29.7,17.5,69,0.0,0.0,0,1014.0,17.8,345,36557.18
2022-12-28,23.7,30.3,18.2,69,0.0,0.0,0,1014.8,17.3,343,36810.21
2022-12-29,23.9,30.6,18.4,68,0.0,0.0,0,1016.0,16.9,340,36793.34
2022-12-30,24.1,30.6,18.3,66,0.0,0.0,0,1017.0,17.6,340,37045.27
2022-12-31,23.6,29.4,19.5,65,0.0,0.0,9,1016.5,20.3,342,37027.02
2023-01-01,21.8,27.3,16.4,67,0.0,0.0,60,1016.2,18.4,341,37277.32
2023-01-02,22.5,29.2,16.5,70,0.0,0.0,0,1015.3,16.9,349,37257.76
2023-01-03,22.7,29.2,17.0,69,0.0,0.0,26,1015.1,19.0,344,37237.68
2023-01-04,22.5,28.6,17.1,71,0.0,0.0,21,1013.9,16.8,341,37217.12
2023-01-05,23.9,29.8,19.4,71,0.0,0.0,5,1014.5,14.8,342,37196.14
2023-01-06,25.4,31.6,20.4,65,0.0,0.0,16,1016.0,15.3,359,37174.8
2023-01-07,26.1,32.0,22.4,63,0.0,0.0,12,1015.9,16.7,19,36617.13
2023-01-08,25.4,31.4,21.3,60,0.0,0.0,4,1015.0,19.0,355,37666.75
2023-01-09,24.1,30.7,18.9,52,0.0,0.0,0,1016.0,18.7,354,38179.1
2023-01-10,23.3,31.1,17.2,51,0.0,0.0,0,1015.4,17.9,359,38422.95
2023-01-11,22.6,29.4,16.1,60,0.0,0.0,0,1013.7,15.6,343,38666.06
2023-01-12,22.0,28.2,16.7,72,0.0,0.0,0,1013.0,19.2,333,38641.81
2023-01-13,22.2,26.6,19.5,76,0.0,0.0,11,1014.1,22.2,343,38617.5
2023-01-14,20.6,26.0,15.8,65,0.0,0.0,11,1013.9,20.3,344,38794.06
2023-01-15,20.1,25.8,14.8,69,0.0,0.0,36,1012.3,19.7,339,38832.75
2023-01-16,20.1,25.7,14.6,76,0.0,0.0,8,1012.5,14.5,341,38870.97
2023-01-17,20.8,27.0,16.0,75,0.0,0.0,2,1012.9,15.2,338,38908.63
2023-01-18,21.9,29.3,15.1,72,0.0,0.0,6,1013.7,13.7,345,38945.77
2023-01-19,22.2,28.0,16.3,72,0.0,0.0,8,1013.6,12.5,330,38982.98
2023-01-20,21.7,27.5,16.9,73,0.0,0.0,3,1013.6,16.6,336,39020.29
2023-01-21,21.9,27.3,17.7,70,0.0,0.0,4,1013.9,18.9,337,39057.67
2023-01-22,21.7,26.9,18.0,61,0.0,0.0,0,1013.3,23.3,343,39095.07
2023-01-23,21.0,25.7,16.7,56,0.0,0.0,0,1012.7,24.2,339,39132.42
2023-01-24,20.7,25.5,16.7,58,0.0,0.0,0,1013.0,24.2,339,39169.7
2023-01-25,21.1,26.5,17.3,55,0.0,0.0,15,1012.9,26.7,343,39206.83
2023-01-26,22.3,27.3,18.1,58,0.0,0.0,27,1012.4,21.7,341,39243.79
2023-01-27,24.9,32.6,20.4,66,0.0,0.0,4,1011.3,16.9,351,39280.52
2023-01-28,24.2,30.8,19.7,75,0.0,0.0,6,1010.5,18.5,232,39316.96
2023-01-29,23.3,25.9,21.6,89,1.0,1.0,62,1010.3,17.2,283,34427.72
2023-01-30,23.4,28.0,20.0,79,0.0,0.0,17,1012.9,23.2,337,39388.85
2023-01-31,25.1,30.4,21.2,65,0.0,0.0,3,1012.6,22.2,346,39424.18
2023-02-01,26.9,33.5,23.2,53,0.0,0.0,12,1011.9,21.8,29,38379.7
2023-02-02,27.0,33.9,23.3,52,0.0,0.0,13,1012.1,19.9,24,39493.43
2023-02-03,25.4,32.3,21.0,54,0.0,0.0,6,1012.8,18.7,348,39527.25
2023-02-04,24.7,31.7,18.7,56,0.0,0.0,1,1011.7,18.3,342,39560.47
2023-02-05,24.4,30.9,19.7,62,0.0,0.0,16,1010.9,12.9,329,39593.06
2023-02-06,23.8,29.4,17.9,66,0.0,0.0,21,1011.6,20.4,334,39600.0
2023-02-07,24.4,31.3,19.2,61,0.0,0.0,25,1011.3,22.7,342,39600.0
2023-02-08,24.4,31.2,17.6,60,0.0,0.0,43,1011.3,19.1,344,39600.0
2023-02-09,25.4,33.7,19.2,53,0.0,0.0,33,1011.5,18.9,347,39600.0
2023-02-10,24.5,31.5,18.5,57,0.0,0.0,11,1013.1,20.5,335,39600.0
2023-02-11,24.3,31.7,17.8,51,0.0,0.0,0,1013.9,22.4,341,39600.0
2023-02-12,25.4,32.7,17.6,46,0.0,0.0,0,1013.7,21.3,354,39600.0
2023-02-13,26.8,33.8,21.9,39,0.0,0.0,6,1013.5,24.0,4,39600.0
2023-02-14,25.4,33.0,19.8,42,0.0,0.0,5,1013.4,20.1,357,39600.0
2023-02-15,25.2,33.1,17.8,45,0.0,0.0,0,1011.7,21.5,349,39600.0
2023-02-16,26.9,34.9,20.6,37,0.0,0.0,0,1012.0,25.3,4,39600.0
2023-02-17,27.3,34.2,21.6,37,0.0,0.0,0,1012.4,23.4,355,39600.0
2023-02-18,26.9,34.9,19.2,36,0.0,0.0,0,1012.0,22.2,4,39600.0
2023-02-19,26.1,35.6,18.6,43,0.0,0.0,0,1011.8,19.0,358,39600.0
2023-02-20,25.5,30.9,19.1,63,0.0,0.0,0,1012.4,16.2,289,39600.0
2023-02-21,25.4,32.0,19.1,64,0.0,0.0,26,1013.0,20.9,330,39600.0
2023-02-22,24.6,30.0,19.4,68,0.0,0.0,27,1012.7,22.2,334,39600.0
2023-02-23,25.6,32.9,19.9,51,0.0,0.0,4,1011.6,22.6,338,39600.0
2023-02-24,27.0,34.3,21.2,44,0.0,0.0,0,1012.5,23.0,338,39600.0
2023-02-25,27.3,33.9,21.7,40,0.0,0.0,13,1014.3,22.5,339,39600.0
2023-02-26,26.7,34.8,20.4,41,0.0,0.0,0,1014.7,22.6,343,39600.0
2023-02-27,27.1,34.8,22.1,42,0.0,0.0,0,1014.4,21.9,342,39600.0
2023-02-28,25.8,33.2,19.6,50,0.0,0.0,0,1014.7,18.9,334,39600.0
2023-03-01,26.1,32.7,20.4,53,0.0,0.0,0,1015.1,18.5,335,39600.0
2023-03-02,27.5,35.1,21.4,47,0.0,0.0,0,1015.1,19.6,339,39600.0
2023-03-03,27.3,33.7,21.3,56,0.0,0.0,0,1015.5,17.2,325,39692.77
2023-03-04,27.7,34.2,21.9,62,0.0,0.0,2,1015.2,15.9,320,39600.0
2023-03-05,28.8,36.2,22.7,56,0.0,0.0,40,1014.7,18.7,313,38598.25
2023-03-06,29.7,36.3,24.4,43,0.1,0.1,25,1013.6,21.2,39,39043.3
2023-03-07,28.8,36.0,23.9,46,0.0,0.0,31,1013.4,23.4,81,38395.24
2023-03-08,28.0,35.3,23.0,49,0.0,0.0,11,1013.4,20.5,345,39600.0
2023-03-09,29.2,36.6,23.2,34,0.0,0.0,6,1012.7,22.4,356,39791.99
2023-03-10,28.9,35.2,24.1,32,0.0,0.0,2,1012.1,23.3,348,40010.98
2023-03-11,29.1,36.8,22.0,39,0.0,0.0,5,1011.5,22.4,351,39985.69
2023-03-12,29.3,37.7,23.2,40,0.0,0.0,44,1011.0,21.5,339,39950.47
2023-03-13,29.2,37.4,24.1,50,0.0,0.0,66,1010.0,16.1,322,35586.61
2023-03-14,28.5,36.6,23.2,63,0.0,0.0,64,1009.0,17.6,333,39328.52
2023-03-15,28.4,34.7,23.3,60,0.0,0.0,75,1007.9,20.2,329,39317.33
2023-03-16,27.0,32.3,22.8,67,13.3,13.3,62,1009.6,20.5,148,39600.0
2023-03-17,26.7,30.7,22.4,76,0.7,0.7,37,1010.1,16.3,257,39600.0
2023-03-18,27.0,30.8,24.1,79,0.0,0.0,3,1009.0,18.9,301,40296.34
2023-03-19,26.2,29.8,22.7,74,0.0,0.0,7,1009.0,18.8,272,40028.45
2023-03-20,26.2,29.5,23.3,67,0.0,0.0,29,1008.9,17.4,298,40613.42
2023-03-21,25.7,29.0,21.8,72,0.7,0.7,27,1009.6,16.4,273,39600.0
2023-03-22,26.2,30.1,22.6,72,0.0,0.0,10,1010.5,15.8,310,40197.35
2023-03-23,26.2,30.1,22.8,73,0.4,0.4,28,1010.7,18.6,313,39685.71
2023-03-24,26.1,30.2,22.4,75,0.0,0.0,4,1010.7,22.2,325,40876.92
2023-03-25,25.1,29.7,21.1,69,0.0,0.0,6,1011.8,23.7,334,41338.42
2023-03-26,24.9,29.6,20.4,69,0.0,0.0,5,1011.6,20.8,328,41313.42
2023-03-27,25.3,29.8,20.9,76,0.0,0.0,47,1011.1,19.9,312,41531.92
2023-03-28,25.7,29.9,22.4,78,0.0,0.0,58,1010.4,19.8,315,40533.11
2023-03-29,25.6,29.9,21.9,79,0.0,0.0,19,1010.9,17.6,313,40021.03
2023-03-30,26.1,29.5,22.7,75,0.2,0.2,29,1010.4,15.6,284,41214.55
2023-03-31,26.4,29.4,23.7,75,0.4,0.4,49,1010.0,16.5,302,39971.35
2023-04-01,25.9,30.0,22.3,75,0.0,0.0,24,1010.5,23.3,325,42142.06
2023-04-02,26.0,30.1,22.2,77,0.0,0.0,19,1010.2,23.8,309,41142.77
2023-04-03,26.2,30.1,22.7,77,0.0,0.0,17,1009.8,23.4,312,42096.25
2023-04-04,26.5,30.8,23.1,80,0.0,0.0,6,1010.3,23.7,328,42073.96
2023-04-05,26.6,31.0,21.9,82,0.0,0.0,15,1010.0,22.8,318,41318.62
2023-04-06,28.1,33.1,23.4,72,0.0,0.0,3,1009.8,21.6,335,42764.8
2023-04-07,29.7,34.1,25.3,55,0.0,0.0,32,1010.5,23.2,338,42009.95
2023-04-08,29.6,35.1,25.6,56,0.0,0.0,71,1012.1,17.1,322,42479.8
2023-04-09,29.7,35.8,25.6,58,0.0,0.0,2,1012.4,23.8,331,43198.87
2023-04-10,30.2,35.9,26.1,61,0.0,0.0,15,1010.8,21.6,329,42827.38
2023-04-11,30.0,34.9,26.5,62,0.0,0.0,5,1011.1,22.7,325,43200.0
2023-04-12,30.7,35.7,26.6,55,0.0,0.0,12,1010.6,25.0,331,43200.0
2023-04-13,30.8,35.2,27.2,51,0.0,0.0,93,1010.2,22.4,335,38760.86
2023-04-14,30.1,35.2,26.7,60,0.0,0.0,95,1010.0,21.7,331,35037.43
2023-04-15,29.1,35.2,25.2,63,0.0,0.0,14,1010.1,21.9,327,43200.0
2023-04-16,28.6,34.1,24.1,72,0.0,0.0,3,1009.0,22.5,325,43200.0
2023-04-17,28.7,34.1,24.5,72,0.0,0.0,0,1009.0,23.3,328,43200.0
2023-04-18,31.5,37.2,26.3,51,0.0,0.0,12,1009.3,24.0,345,42834.06
2023-04-19,32.3,36.5,28.2,47,0.0,0.0,3,1007.1,24.1,332,43200.0
2023-04-20,30.1,34.9,26.2,62,0.0,0.0,5,1005.9,23.3,318,43200.0
2023-04-21,28.0,32.3,24.2,73,0.0,0.0,0,1006.8,19.7,315,43200.0
2023-04-22,27.7,31.6,23.8,79,0.0,0.0,5,1007.3,19.1,288,43200.0
2023-04-23,27.9,31.6,24.4,76,0.0,0.0,16,1007.5,21.7,301,43200.0
2023-04-24,28.1,32.3,24.5,79,0.0,0.0,58,1007.7,22.5,313,43200.0
2023-04-25,28.6,32.7,25.1,79,0.0,0.0,41,1007.7,21.3,274,43200.0
2023-04-26,28.5,31.4,25.9,75,0.0,0.0,69,1008.3,21.0,235,42810.69
2023-04-27,28.3,31.9,25.2,73,0.0,0.0,23,1008.5,21.7,305,43200.0
2023-04-28,28.4,31.9,25.5,74,0.0,0.0,6,1009.3,18.2,311,43200.0
2023-04-29,28.2,31.6,26.1,71,0.4,0.4,22,1008.8,20.1,299,39672.76
2023-04-30,28.0,31.5,24.4,72,0.5,0.5,13,1007.4,19.5,297,43200.0
2023-05-01,28.0,31.6,24.7,69,2.1,2.1,31,1007.3,15.9,284,28728.87
2023-05-02,28.4,31.5,25.2,68,0.7,0.7,50,1007.9,16.6,278,43200.0
2023-05-03,28.5,31.8,25.6,68,0.0,0.0,9,1009.3,18.6,291,43200.0
2023-05-04,28.1,31.6,24.8,74,0.5,0.5,20,1008.7,18.7,306,42314.59
2023-05-05,28.4,32.3,25.0,75,0.4,0.4,19,1008.0,20.1,294,43200.0
2023-05-06,28.5,31.9,25.2,77,0.1,0.1,53,1008.0,22.4,309,43200.0
2023-05-07,27.8,30.0,25.4,80,8.2,8.2,48,1008.3,16.4,311,28330.78
2023-05-08,29.5,32.3,27.6,74,0.5,0.5,76,1007.5,19.7,298,41376.15
2023-05-09,30.0,33.0,27.7,75,0.0,0.0,77,1007.7,19.8,300,43198.04
2023-05-10,30.2,34.0,27.3,79,0.0,0.0,69,1006.8,21.9,296,43014.31
2023-05-11,30.4,34.5,26.3,79,0.0,0.0,55,1006.9,18.9,239,43200.0
2023-05-12,30.2,34.0,27.5,80,0.0,0.0,27,1007.6,18.3,225,43200.0
2023-05-13,30.2,33.3,27.7,77,0.0,0.0,2,1008.5,18.0,233,43200.0
2023-05-14,30.0,33.2,27.3,76,0.0,0.0,1,1008.0,17.4,254,43200.0
2023-05-15,30.3,33.2,28.2,74,0.5,0.5,15,1008.7,19.1,271,43200.0
2023-05-16,30.5,33.6,27.7,71,0.3,0.3,15,1010.2,17.3,276,43200.0
2023-05-17,30.1,33.4,27.4,72,0.0,0.0,10,1010.3,22.7,298,43200.0
2023-05-18,29.8,33.2,27.1,76,0.1,0.1,17,1011.4,24.4,316,43200.0
2023-05-19,29.8,33.5,26.8,78,0.2,0.2,19,1010.0,23.2,318,43200.0
2023-05-20,29.8,32.6,27.6,75,0.0,0.0,22,1009.5,18.7,304,42863.06
2023-05-21,29.9,32.9,27.7,72,0.0,0.0,19,1010.2,19.9,301,42556.59
2023-05-22,29.7,33.0,27.1,75,0.0,0.0,18,1010.8,18.5,305,43200.0
2023-05-23,29.6,33.5,26.4,77,0.0,0.0,16,1010.7,22.9,317,42956.93
2023-05-24,30.1,33.3,27.3,74,0.0,0.0,25,1010.3,19.9,284,43200.0
2023-05-25,30.6,33.3,28.2,65,0.0,0.0,37,1010.8,20.7,263,43200.0
2023-05-26,30.6,32.7,29.0,65,2.0,2.0,22,1011.2,21.6,265,43200.0
2023-05-27,30.9,33.7,28.3,62,0.0,0.0,50,1010.1,19.1,260,43200.0
2023-05-28,30.9,33.8,28.2,66,0.0,0.0,17,1009.1,18.8,286,43200.0
2023-05-29,30.3,33.6,27.9,75,0.0,0.0,14,1008.6,24.0,304,43039.81
2023-05-30,30.3,33.9,27.2,79,0.0,0.0,11,1008.6,20.3,302,43200.0
2023-05-31,30.6,34.5,27.9,78,0.0,0.0,4,1008.2,24.7,317,43200.0
2023-06-01,30.0,33.5,27.1,80,0.0,0.0,6,1008.2,21.9,296,43200.0
2023-06-02,30.5,33.4,28.0,72,0.0,0.0,24,1009.1,18.2,290,43200.0
2023-06-03,31.3,34.6,29.0,67,0.1,0.1,29,1008.3,18.7,280,43200.0
2023-06-04,30.9,33.6,29.0,70,0.8,0.8,17,1008.2,19.1,278,43200.0
2023-06-05,30.6,33.2,28.6,71,0.4,0.4,17,1007.6,19.6,270,43200.0
2023-06-06,30.8,33.8,28.8,69,0.1,0.1,17,1007.2,17.1,266,43305.16
2023-06-07,30.9,33.5,28.7,69,0.0,0.0,20,1007.0,16.9,242,43296.4
2023-06-08,31.2,34.1,29.4,68,0.8,0.8,57,1007.2,16.9,217,43200.0
2023-06-09,30.6,33.1,28.2,76,4.0,4.0,41,1005.3,29.3,194,41912.75
2023-06-10,30.2,33.2,27.7,74,3.6,3.6,39,1003.7,32.5,183,39788.7
2023-06-11,29.6,32.7,25.7,73,3.8,3.8,51,1003.0,32.4,173,42874.3
2023-06-12,28.7,32.3,26.3,78,5.3,5.3,60,1002.8,42.6,178,39099.39
2023-06-13,28.3,31.1,26.3,80,5.6,5.6,66,1004.4,36.3,183,39924.4
2023-06-14,28.5,30.3,25.8,79,2.8,2.8,64,1006.3,33.8,190,41826.86
2023-06-15,29.8,31.9,28.2,74,2.8,2.8,40,1006.3,33.7,202,42401.63
2023-06-16,29.4,31.3,27.3,75,4.6,4.6,78,1005.6,37.5,214,43200.0
2023-06-17,29.1,31.4,27.2,79,6.6,6.6,56,1006.6,26.1,230,37704.85
2023-06-18,29.1,31.1,27.6,79,4.6,4.6,75,1007.1,22.8,250,41866.95
2023-06-19,29.4,31.4,27.7,77,2.4,2.4,81,1006.2,20.0,248,42902.44
2023-06-20,29.3,31.5,27.5,78,1.1,1.1,78,1005.3,20.4,251,43200.0
2023-06-21,29.3,31.6,27.6,79,2.9,2.9,76,1005.6,19.6,244,43200.0
2023-06-22,29.5,31.6,27.5,76,1.9,1.9,93,1005.8,18.7,246,40750.4
2023-06-23,28.6,30.8,26.7,81,2.9,2.9,88,1005.5,19.3,217,36709.12
2023-06-24,27.0,29.3,25.2,86,20.7,20.7,100,1004.4,17.7,218,22640.03
2023-06-25,26.4,27.5,25.5,88,32.9,32.9,100,1004.5,18.3,220,519.61
2023-06-26,25.8,26.7,25.2,91,23.2,23.2,100,1005.8,18.9,218,0.0
2023-06-27,25.9,27.1,24.7,91,23.2,23.2,100,1005.5,20.9,224,1254.43
2023-06-28,26.3,27.8,25.6,90,45.7,45.7,100,1006.0,20.4,236,4088.35
2023-06-29,26.0,26.8,25.4,91,50.0,50.0,100,1006.3,20.5,246,738.12
2023-06-30,26.1,26.8,25.3,91,55.8,55.8,100,1006.2,27.3,247,0.0
2023-07-01,26.3,28.2,24.9,90,40.5,40.5,99,1006.9,23.1,235,12362.34
2023-07-02,26.7,28.4,25.4,89,34.7,34.7,94,1006.1,20.5,231,28544.52
2023-07-03,27.2,28.9,26.1,88,8.6,8.6,95,1004.3,17.7,232,26721.94
2023-07-04,26.9,29.2,25.4,89,48.3,48.3,100,1002.7,16.8,236,27525.61
2023-07-05,26.6,28.3,25.2,90,35.9,35.9,99,1001.0,14.5,223,18000.0
2023-07-06,25.7,27.0,24.9,93,97.5,97.5,100,1002.2,24.5,217,687.65
2023-07-07,26.3,27.8,25.5,90,50.7,50.7,100,1003.3,26.8,233,1834.52
2023-07-08,27.6,29.7,25.5,84,13.0,13.0,94,1005.0,29.3,236,38633.3
2023-07-09,27.5,29.2,25.3,82,10.8,10.8,79,1005.9,27.4,233,40054.73
2023-07-10,27.5,28.7,26.0,82,3.5,3.5,85,1006.5,22.7,238,25918.28
2023-07-11,27.7,29.6,25.4,82,4.3,4.3,86,1006.8,20.4,255,37586.18
2023-07-12,26.1,27.0,25.1,90,12.2,12.2,100,1005.9,12.8,236,0.0
2023-07-13,26.1,27.3,24.7,90,10.9,10.9,99,1005.6,18.2,217,10234.67
2023-07-14,26.2,27.4,25.3,90,32.7,32.7,98,1006.8,21.0,244,10523.24
2023-07-15,26.1,27.4,24.9,89,16.7,16.7,100,1007.5,17.6,250,15644.86
2023-07-16,25.7,27.9,24.6,91,30.5,30.5,96,1006.7,16.8,241,16562.85
2023-07-17,25.8,27.4,24.7,91,63.8,63.8,100,1005.4,19.7,242,3743.33
2023-07-18,25.9,26.4,25.4,91,67.7,67.7,100,1004.2,25.3,255,0.0
2023-07-19,26.2,27.3,25.5,91,44.8,44.8,100,1002.1,23.7,263,164.47
2023-07-20,26.4,27.9,25.5,88,36.4,36.4,100,1002.5,24.1,262,4642.48
2023-07-21,26.4,27.5,25.4,89,40.9,40.9,98,1004.2,21.3,255,2366.88
2023-07-22,25.9,26.4,25.1,91,42.7,42.7,100,1004.9,21.3,257,0.0
2023-07-23,26.2,27.7,25.4,90,34.8,34.8,100,1003.8,28.1,248,8510.37
2023-07-24,26.1,28.1,25.3,89,58.2,58.2,99,1004.2,26.8,245,14400.0
2023-07-25,25.9,27.2,25.2,90,44.1,44.1,99,1006.0,21.1,249,2890.41
2023-07-26,25.8,27.1,24.8,91,93.9,93.9,100,1007.0,26.3,261,4411.59
2023-07-27,26.0,27.2,25.3,90,90.9,90.9,100,1007.4,22.0,267,0.0
2023-07-28,25.7,27.1,25.0,91,49.8,49.8,100,1007.6,21.7,270,3294.96
2023-07-29,26.8,28.8,25.3,84,12.3,12.3,89,1007.8,23.9,257,28182.94
2023-07-30,27.0,28.8,25.7,83,9.3,9.3,69,1007.0,25.6,252,37149.54
2023-07-31,26.8,28.5,25.5,85,9.9,9.9,87,1006.5,26.6,252,34292.22
2023-08-01,27.0,28.9,25.3,84,6.1,6.1,68,1006.6,25.3,251,39335.39
2023-08-02,26.8,28.6,24.5,84,15.1,15.1,94,1007.2,27.7,248,33531.6
2023-08-03,27.1,28.8,25.9,84,6.3,6.3,92,1006.6,27.2,250,37423.56
2023-08-04,27.2,28.4,26.5,85,2.5,2.5,90,1007.5,25.3,250,6247.46
2023-08-05,27.3,29.3,25.7,83,3.8,3.8,92,1009.4,23.7,249,35496.96
2023-08-06,27.2,28.8,26.2,83,2.8,2.8,82,1009.0,23.4,253,37867.54
2023-08-07,27.3,29.0,25.9,83,2.2,2.2,96,1007.3,26.9,247,40328.73
2023-08-08,27.4,29.1,26.0,83,2.3,2.3,77,1007.6,24.7,246,41714.49
2023-08-09,27.2,29.1,25.7,83,3.0,3.0,99,1009.6,20.2,251,38416.18
2023-08-10,26.6,28.4,25.9,85,7.3,7.3,68,1010.4,15.2,250,37436.12
2023-08-11,27.2,29.0,25.5,82,3.7,3.7,31,1009.8,15.9,264,41786.47
2023-08-12,25.9,27.2,24.1,86,5.4,5.4,79,1009.8,18.8,251,32632.51
2023-08-13,27.1,29.2,25.4,82,5.0,5.0,79,1008.1,24.7,254,38897.2
2023-08-14,27.4,29.4,25.8,80,2.6,2.6,89,1008.3,24.8,239,32510.45
2023-08-15,27.0,28.2,26.2,83,3.5,3.5,87,1008.9,18.7,233,23091.51
2023-08-16,27.0,29.0,25.2,84,4.5,4.5,55,1009.4,20.9,263,37642.61
2023-08-17,26.8,29.3,25.0,83,3.5,3.5,69,1009.7,20.7,285,42135.67
2023-08-18,27.1,28.9,25.6,81,2.0,2.0,89,1008.3,18.9,291,36771.26
2023-08-19,26.8,28.7,25.6,84,4.1,4.1,99,1007.1,19.5,294,25982.76
2023-08-20,26.1,27.9,25.0,88,10.5,10.5,84,1007.2,17.1,296,20474.64
2023-08-21,26.5,28.7,24.6,86,3.8,3.8,50,1007.6,16.3,284,39753.17
2023-08-22,26.4,28.7,25.0,86,6.1,6.1,89,1007.6,18.8,264,35377.0
2023-08-23,27.2,29.4,25.2,82,3.8,3.8,91,1007.4,21.1,246,41217.27
2023-08-24,26.6,28.8,25.6,85,6.5,6.5,90,1006.6,21.2,229,36172.69
2023-08-25,26.7,28.5,24.9,86,6.2,6.2,86,1006.6,19.5,223,39743.68
2023-08-26,26.1,27.9,24.3,88,14.3,14.3,77,1008.1,20.2,228,37474.73
2023-08-27,25.7,27.8,24.1,89,15.1,15.1,83,1009.3,16.6,228,30747.29
2023-08-28,25.8,27.6,24.8,88,4.1,4.1,80,1008.8,17.1,222,33285.65
2023-08-29,26.5,28.7,24.9,86,3.6,3.6,49,1008.5,11.1,246,40318.38
2023-08-30,26.7,29.3,24.4,86,0.7,0.7,14,1009.1,13.8,276,41348.88
2023-08-31,27.2,30.1,24.7,85,0.7,0.7,22,1009.0,15.2,319,40698.1
2023-09-01,27.1,30.5,24.1,86,1.2,1.2,36,1008.8,18.8,323,41832.88
2023-09-02,26.5,28.7,24.9,89,2.6,2.6,71,1008.8,12.3,297,19227.54
2023-09-03,26.9,29.1,25.1,86,10.0,10.0,83,1007.8,17.6,306,34426.11
2023-09-04,26.9,29.5,23.9,84,2.2,2.2,66,1006.7,17.7,313,41438.24
2023-09-05,27.0,29.2,24.7,83,2.4,2.4,32,1006.1,17.2,309,41913.19
2023-09-06,27.8,29.9,26.0,81,1.0,1.0,66,1006.0,17.7,296,42852.12
2023-09-07,27.0,28.3,25.0,84,10.2,10.2,99,1005.9,19.7,283,17895.05
2023-09-08,26.7,28.1,25.7,89,50.6,50.6,100,1006.2,22.7,292,2982.65
2023-09-09,26.9,29.0,25.6,88,15.9,15.9,99,1006.3,18.1,286,25054.93
2023-09-10,27.1,29.1,25.6,88,5.5,5.5,100,1006.2,18.4,259,35637.25
2023-09-11,26.3,28.8,25.0,88,4.7,4.7,77,1007.1,14.4,257,33200.68
2023-09-12,26.9,29.2,24.6,85,4.7,4.7,70,1007.6,19.1,257,43200.0
2023-09-13,26.5,28.4,25.0,87,3.6,3.6,88,1007.1,12.8,245,41437.49
2023-09-14,26.6,28.8,24.1,86,2.2,2.2,70,1007.3,13.4,221,41662.2
2023-09-15,27.2,29.3,24.8,82,2.1,2.1,96,1007.1,16.6,247,37892.62
2023-09-16,27.0,28.5,25.1,84,7.3,7.3,100,1006.6,20.6,256,129.39
2023-09-17,27.2,29.2,25.3,82,8.2,8.2,100,1005.6,23.0,241,34586.76
2023-09-18,25.9,27.2,24.6,90,30.9,30.9,100,1005.7,22.2,219,30256.93
2023-09-19,26.3,28.4,25.2,88,12.3,12.3,77,1007.0,22.3,205,34254.26
2023-09-20,26.5,28.2,25.5,89,11.1,11.1,96,1007.7,21.7,204,28379.23
2023-09-21,26.5,28.2,25.5,90,20.7,20.7,100,1007.9,16.3,216,19966.64
2023-09-22,26.4,28.1,24.9,91,14.9,14.9,99,1008.3,11.5,180,9412.9
2023-09-23,26.1,28.6,25.2,91,35.3,35.3,99,1008.9,16.0,213,17805.27
2023-09-24,26.2,28.2,24.4,90,15.3,15.3,96,1009.3,11.4,230,34929.65
2023-09-25,26.3,28.4,24.4,89,17.7,17.7,84,1008.2,15.0,268,37897.81
2023-09-26,26.4,29.1,24.2,89,4.4,4.4,88,1007.9,13.4,267,39341.95
2023-09-27,26.1,29.2,24.2,91,21.0,21.0,95,1007.3,17.0,341,18000.0
2023-09-28,26.6,30.0,24.1,91,22.6,22.6,90,1006.0,20.2,343,19098.73
2023-09-29,27.4,30.6,25.7,91,25.9,25.9,96,1005.4,12.4,47,26153.75
2023-09-30,27.9,32.5,24.9,88,13.2,13.2,93,1005.0,15.3,35,25775.97
2023-10-01,28.4,30.9,26.8,89,0.8,0.8,100,1005.6,17.5,289,13385.06
2023-10-02,27.3,29.2,24.1,87,3.2,3.2,86,1008.9,13.0,242,31601.68
2023-10-03,27.3,29.7,25.6,83,0.1,0.1,58,1010.2,12.9,290,42029.9
2023-10-04,27.1,29.9,23.9,85,2.9,2.9,68,1010.9,14.5,286,40352.29
2023-10-05,27.1,30.5,24.2,86,0.1,0.1,61,1010.5,15.8,327,39653.22
2023-10-06,27.1,29.9,24.6,85,0.7,0.7,41,1009.7,16.8,333,40180.63
2023-10-07,27.0,30.4,24.1,86,0.2,0.2,43,1009.7,18.1,349,40709.29
2023-10-08,27.6,31.5,24.6,84,0.3,0.3,12,1010.5,18.0,348,41583.57
2023-10-09,27.9,32.3,23.8,80,0.0,0.0,7,1011.7,16.4,342,41524.35
2023-10-10,27.7,31.9,23.7,76,0.0,0.0,4,1011.8,19.4,347,41852.7
2023-10-11,27.6,31.2,24.9,81,0.0,0.0,4,1011.7,20.3,345,41125.93
2023-10-12,27.9,31.5,23.9,84,0.0,0.0,10,1011.7,16.6,336,38931.9
2023-10-13,28.7,33.1,25.7,84,0.0,0.0,15,1012.0,17.2,335,38969.88
2023-10-14,28.4,32.6,24.9,85,0.0,0.0,16,1012.0,14.2,330,39503.07
2023-10-15,28.7,33.4,25.2,85,0.7,0.7,25,1010.6,19.2,342,33961.48
2023-10-16,28.6,33.0,23.9,71,0.0,0.0,14,1010.4,15.5,347,39581.57
2023-10-17,28.3,32.2,25.0,75,1.0,1.0,7,1011.6,9.5,352,40438.28
2023-10-18,28.7,33.8,24.3,73,0.0,0.0,4,1012.3,18.1,354,38914.58
2023-10-19,28.8,33.9,24.6,63,0.0,0.0,26,1012.1,16.1,350,40201.36
2023-10-20,28.6,34.4,23.8,67,0.0,0.0,12,1011.8,10.8,16,39956.84
2023-10-21,29.1,34.9,24.0,67,0.1,0.1,23,1012.3,12.3,53,39529.7
2023-10-22,28.7,33.7,23.8,71,0.0,0.0,73,1012.9,14.5,350,38319.35
2023-10-23,28.6,34.8,23.8,67,0.0,0.0,79,1011.7,18.7,356,39607.96
2023-10-24,28.6,34.4,23.3,61,0.0,0.0,65,1011.2,16.5,1,37140.89
2023-10-25,28.0,33.9,22.6,60,0.0,0.0,36,1012.7,16.4,356,39684.85
2023-10-26,27.8,34.1,22.8,58,0.0,0.0,28,1013.1,19.9,3,39455.09
2023-10-27,27.5,34.3,21.3,55,0.0,0.0,25,1011.7,20.7,6,39450.79
2023-10-28,27.2,34.2,21.2,56,0.0,0.0,8,1011.3,16.6,15,39045.48
2023-10-29,27.3,34.7,21.4,54,0.0,0.0,2,1010.9,19.1,26,39439.61
2023-10-30,27.4,34.8,21.2,59,0.0,0.0,9,1010.8,14.7,27,39121.87
2023-10-31,27.9,34.6,21.7,59,0.0,0.0,1,1011.4,14.9,18,38906.44
2023-11-01,27.5,34.1,22.3,58,0.0,0.0,12,1012.2,14.8,5,39163.38
2023-11-02,27.5,34.0,21.9,58,0.0,0.0,25,1011.4,17.2,4,38981.1
2023-11-03,27.9,34.6,22.7,57,0.0,0.0,53,1009.7,19.9,11,38764.51
2023-11-04,28.5,35.3,23.6,54,0.0,0.0,49,1009.2,14.6,31,38546.11
2023-11-05,28.8,35.1,22.8,59,0.0,0.0,78,1010.7,15.5,17,37694.12
2023-11-06,28.5,35.4,22.9,56,0.0,0.0,60,1011.8,17.1,22,38225.47
2023-11-07,27.6,34.2,22.2,56,0.0,0.0,84,1011.8,19.1,1,38246.26
2023-11-08,27.9,32.7,23.7,69,0.0,0.0,58,1011.7,20.2,195,37753.86
2023-11-09,28.4,33.5,24.0,76,0.0,0.0,70,1012.2,13.7,338,37002.79
2023-11-10,28.2,33.0,24.8,73,1.1,1.1,52,1013.5,13.8,82,37279.58
2023-11-11,29.1,35.0,24.0,64,0.0,0.0,32,1013.7,18.5,10,37557.42
2023-11-12,29.4,35.2,25.3,52,0.0,0.0,60,1013.5,18.9,15,36544.09
2023-11-13,28.2,34.4,23.6,56,0.0,0.0,48,1013.1,16.1,1,37080.65
2023-11-14,27.3,33.9,22.0,63,0.0,0.0,42,1012.7,14.8,341,37618.99
2023-11-15,27.1,33.9,21.4,64,0.0,0.0,4,1012.6,15.6,349,37380.23
2023-11-16,27.0,34.0,20.8,61,0.0,0.0,0,1012.8,15.6,354,37140.98
2023-11-17,27.1,33.7,21.5,60,0.0,0.0,3,1012.6,17.6,15,37422.27
2023-11-18,26.7,33.7,21.2,62,0.0,0.0,0,1012.0,13.8,5,37183.52
2023-11-19,26.9,32.3,20.8,63,0.0,0.0,13,1012.0,17.5,348,37210.45
2023-11-20,28.0,34.2,23.5,61,0.0,0.0,19,1012.2,16.0,348,36963.93
2023-11-21,28.6,34.2,24.3,59,0.0,0.0,41,1012.1,20.2,359,36723.1
2023-11-22,27.7,33.6,23.3,50,0.0,0.0,4,1011.4,18.4,3,37026.08
2023-11-23,27.1,33.2,22.0,54,0.0,0.0,1,1009.7,18.1,352,36765.29
2023-11-24,27.6,34.4,21.9,60,0.0,0.0,6,1009.6,15.2,12,36786.49
2023-11-25,27.9,33.6,23.2,67,0.0,0.0,10,1011.4,12.0,58,36280.4
2023-11-26,27.0,31.1,23.9,78,2.4,2.4,62,1011.8,19.0,213,31512.8
2023-11-27,26.1,30.3,23.4,77,0.9,0.9,35,1011.3,14.9,332,36000.0
2023-11-28,25.8,30.0,22.9,73,0.0,0.0,8,1010.4,16.6,336,36000.0
2023-11-29,24.6,28.8,20.5,72,0.0,0.0,5,1011.3,15.3,333,36361.93
2023-11-30,24.7,29.7,20.5,79,0.0,0.0,29,1011.8,17.8,337,36000.0
2023-12-01,25.0,29.7,21.7,80,0.3,0.3,11,1011.6,15.8,332,36000.0
2023-12-02,25.7,31.6,20.5,77,0.0,0.0,21,1010.3,14.8,345,33593.57
2023-12-03,27.4,33.3,23.4,68,0.0,0.0,38,1010.5,17.0,357,36000.0
2023-12-04,27.6,33.2,23.4,70,0.3,0.3,64,1009.8,19.7,345,36000.0
2023-12-05,27.7,32.8,24.6,65,0.0,0.0,68,1008.8,19.4,353,36000.0
2023-12-06,26.6,31.5,23.0,66,0.0,0.0,32,1009.9,18.8,355,36000.0
2023-12-07,26.0,31.3,22.3,67,0.0,0.0,3,1010.8,17.5,356,36000.0
2023-12-08,26.0,31.8,21.2,66,0.0,0.0,2,1011.4,18.8,355,36002.15
2023-12-09,26.2,32.4,21.5,63,0.0,0.0,16,1012.3,18.4,358,36000.0
2023-12-10,26.4,32.8,21.8,62,0.0,0.0,6,1011.3,16.3,358,36000.0
2023-12-11,26.4,32.2,21.1,58,0.0,0.0,40,1011.7,16.6,352,36000.0
2023-12-12,25.3,31.3,20.4,58,0.0,0.0,53,1011.1,18.8,346,36000.0
2023-12-13,24.9,30.9,19.6,62,0.0,0.0,28,1011.7,17.4,346,36000.0
2023-12-14,26.0,32.6,20.4,59,0.0,0.0,13,1012.8,11.6,51,36000.0
2023-12-15,25.9,31.9,20.7,53,0.0,0.0,2,1013.9,15.1,16,36193.01
2023-12-16,25.1,31.7,19.4,56,0.0,0.0,1,1013.4,18.8,9,36181.19
2023-12-17,25.7,32.1,20.7,56,0.0,0.0,1,1012.4,17.7,19,36168.92
2023-12-18,27.0,32.9,22.8,51,0.0,0.0,77,1013.0,16.7,59,34536.1
2023-12-19,26.9,32.6,23.6,52,0.0,0.0,86,1013.9,15.8,46,34059.0
2023-12-20,25.7,32.6,21.0,48,0.0,0.0,83,1014.0,17.1,27,33263.11
2023-12-21,26.2,33.1,21.5,53,0.0,0.0,97,1012.9,16.1,15,30109.14
2023-12-22,25.7,31.6,20.7,63,0.0,0.0,94,1013.0,12.5,350,20850.49
2023-12-23,25.9,33.1,20.5,61,0.0,0.0,44,1013.6,18.4,354,36357.26
2023-12-24,25.4,32.8,19.8,55,0.0,0.0,36,1014.8,15.1,1,36612.44
2023-12-25,25.0,32.8,18.9,54,0.0,0.0,19,1014.8,16.0,5,36597.16
2023-12-26,25.4,33.1,18.9,55,0.0,0.0,1,1014.8,13.6,356,36581.13
2023-12-27,26.0,33.8,19.8,55,0.0,0.0,37,1014.9,16.9,356,36564.45
2023-12-28,25.7,32.4,20.0,61,0.0,0.0,69,1013.3,15.7,355,36816.74
2023-12-29,25.7,33.1,20.3,64,0.0,0.0,37,1013.3,13.6,350,37068.31
2023-12-30,25.1,32.1,19.5,69,0.0,0.0,8,1013.0,14.0,347,37049.68
2023-12-31,25.3,31.9,19.5,64,0.0,0.0,16,1012.5,14.4,346,37030.56
2024-01-01,25.2,31.7,20.0,66,0.0,0.0,2,1012.7,15.9,344,37011.0
2024-01-02,24.7,31.0,19.9,67,0.0,0.0,0,1012.2,20.0,340,37260.06
2024-01-03,24.2,30.1,19.4,65,0.0,0.0,2,1011.6,18.7,339,37239.56
2024-01-04,23.4,28.9,19.0,75,0.0,0.0,10,1012.0,18.6,336,37756.15
2024-01-05,23.1,29.8,18.0,73,0.0,0.0,24,1012.3,17.6,343,37466.19
2024-01-06,25.0,31.8,19.4,61,0.0,0.0,55,1012.0,21.4,341,37444.71
2024-01-07,25.3,31.7,20.9,64,0.0,0.0,14,1012.1,17.3,357,37423.04
2024-01-08,26.6,32.9,21.5,57,0.0,0.0,12,1012.1,17.6,9,37133.47
2024-01-09,26.2,30.7,22.8,70,0.7,0.7,39,1012.8,12.7,329,36309.17
2024-01-10,25.7,30.5,21.9,71,0.7,0.7,33,1013.1,11.5,34,37090.33
2024-01-11,27.0,32.8,22.6,66,0.8,0.8,14,1013.3,17.6,355,37869.92
2024-01-12,27.5,34.2,22.8,61,0.0,0.0,21,1012.6,18.3,358,38381.15
2024-01-13,26.6,32.9,20.7,62,0.0,0.0,0,1013.5,18.4,346,38358.33
2024-01-14,26.3,32.7,21.2,50,0.0,0.0,0,1014.2,19.7,347,38601.31
2024-01-15,24.6,30.1,20.0,42,0.0,0.0,29,1014.1,20.9,351,38819.06
2024-01-16,22.4,28.4,17.7,57,0.0,0.0,53,1012.1,17.4,342,38857.15
2024-01-17,22.0,27.6,16.6,65,0.0,0.0,17,1011.6,15.5,338,38895.44
2024-01-18,22.2,27.9,17.0,66,0.0,0.0,29,1012.9,17.1,340,38933.88
2024-01-19,22.1,27.7,16.7,70,0.0,0.0,2,1012.7,13.2,343,38972.4
2024-01-20,22.8,28.4,18.2,65,0.0,0.0,1,1013.8,21.9,343,39010.94
2024-01-21,23.8,30.2,17.5,52,0.0,0.0,52,1013.4,18.4,352,39049.44
2024-01-22,23.2,29.8,17.3,53,0.0,0.0,71,1014.0,18.3,341,39087.84
2024-01-23,23.7,29.7,19.4,39,0.0,0.0,47,1014.5,24.9,350,39126.07
2024-01-24,23.8,30.6,18.5,39,0.0,0.0,39,1014.0,21.3,355,39164.08
2024-01-25,23.7,31.2,18.0,43,0.0,0.0,7,1014.9,15.6,358,39201.8
2024-01-26,23.8,32.0,17.0,48,0.0,0.0,37,1015.7,15.7,353,39239.17
2024-01-27,24.8,32.7,18.3,47,0.0,0.0,82,1015.9,16.2,359,39276.15
2024-01-28,24.8,32.7,17.5,47,0.0,0.0,61,1015.5,18.3,351,39312.65
2024-01-29,25.2,32.0,19.7,43,0.0,0.0,97,1015.4,22.4,342,39348.64
2024-01-30,24.6,31.4,19.6,49,0.0,0.0,29,1014.5,20.4,340,39384.04
2024-01-31,23.7,29.5,19.2,64,0.0,0.0,51,1014.4,19.4,334,39418.8
2024-02-01,22.9,28.2,18.9,70,0.0,0.0,26,1015.4,20.4,331,39452.87
2024-02-02,23.7,30.1,18.9,68,0.0,0.0,25,1015.4,21.1,346,39486.24
2024-02-03,26.4,34.2,20.0,49,0.0,0.0,15,1014.3,22.2,358,39519.21
2024-02-04,26.2,33.5,20.1,55,0.0,0.0,0,1015.2,13.1,340,39551.8
2024-02-05,26.3,32.2,21.7,54,0.0,0.0,0,1015.7,18.6,335,39584.0
2024-02-06,25.8,32.0,21.1,57,0.0,0.0,0,1015.5,19.9,336,39600.0
2024-02-07,26.1,32.4,21.4,58,0.0,0.0,7,1016.0,24.0,340,39600.0
2024-02-08,25.8,32.2,20.9,53,0.0,0.0,38,1015.1,24.5,343,39600.0
2024-02-09,24.6,31.1,18.6,52,0.0,0.0,3,1014.7,23.1,336,39600.0
2024-02-10,24.7,30.9,20.2,41,0.0,0.0,0,1015.7,24.4,339,39600.0
2024-02-11,24.1,31.0,18.3,45,0.0,0.0,21,1015.9,22.2,338,39600.0
2024-02-12,24.3,31.5,17.9,53,0.0,0.0,94,1015.3,15.0,334,39600.0
2024-02-13,24.9,31.8,19.8,42,0.0,0.0,96,1015.2,22.3,340,37130.09
2024-02-14,25.6,33.0,20.6,39,0.0,0.0,94,1014.6,23.7,342,39600.0
2024-02-15,25.9,32.7,20.1,44,0.0,0.0,11,1013.6,20.9,341,39600.0
2024-02-16,26.2,34.5,19.7,56,0.0,0.0,0,1013.4,17.2,317,39600.0
2024-02-17,26.3,33.5,19.7,58,0.0,0.0,5,1012.4,14.5,321,39600.0
2024-02-18,26.8,34.9,20.7,55,0.0,0.0,1,1011.5,21.7,335,39600.0
2024-02-19,25.8,32.3,19.4,50,0.0,0.0,5,1012.3,20.6,334,39600.0
2024-02-20,25.4,31.5,20.3,62,0.0,0.0,26,1013.2,25.3,338,39600.0
2024-02-21,24.0,28.8,19.3,76,0.1,0.1,31,1013.2,19.3,319,39600.0
2024-02-22,24.2,28.7,20.5,78,0.2,0.2,34,1013.6,19.6,325,39600.0
2024-02-23,24.4,30.2,18.7,63,0.0,0.0,8,1013.3,24.9,346,39600.0
2024-02-24,24.8,31.8,19.6,35,0.0,0.0,0,1012.5,27.8,348,39600.0
2024-02-25,25.6,34.3,18.8,29,0.0,0.0,0,1010.8,19.0,352,39600.0
2024-02-26,26.3,34.8,18.5,47,0.0,0.0,49,1010.2,17.3,303,39600.0
2024-02-27,27.4,34.0,20.9,51,0.0,0.0,7,1011.9,21.4,331,39600.0
2024-02-28,27.9,35.2,22.5,41,0.0,0.0,0,1011.4,21.9,334,39600.0
2024-02-29,28.2,34.4,22.5,53,0.0,0.0,8,1010.9,19.0,326,39600.0
2024-03-01,27.4,33.9,23.1,60,0.0,0.0,15,1012.1,19.6,323,39600.0
2024-03-02,25.9,30.1,22.1,77,0.0,0.0,13,1012.9,19.4,301,39600.0
2024-03-03,24.5,28.0,20.6,73,0.2,0.2,25,1013.5,18.9,324,39600.0
2024-03-04,22.8,28.4,18.0,62,0.0,0.0,13,1013.8,21.2,340,39649.29
2024-03-05,23.8,30.6,17.5,46,0.0,0.0,0,1012.9,23.0,337,39869.93
2024-03-06,24.4,31.1,18.3,35,0.0,0.0,53,1012.8,23.7,334,39845.51
2024-03-07,26.3,32.7,20.0,39,0.0,0.0,12,1012.2,24.2,335,39820.99
2024-03-08,27.8,35.1,21.3,30,0.0,0.0,0,1012.2,27.9,343,40040.71
2024-03-09,27.8,35.0,20.7,31,0.0,0.0,7,1012.1,23.2,337,40015.99
2024-03-10,26.8,32.8,21.0,36,0.0,0.0,0,1013.2,21.1,328,40235.3
2024-03-11,27.4,34.6,20.4,47,0.0,0.0,4,1014.3,25.5,334,40210.61
2024-03-12,28.0,34.9,21.9,45,0.0,0.0,4,1013.5,22.2,337,40186.04
2024-03-13,26.3,31.5,21.6,64,0.0,0.0,7,1013.3,24.2,330,40405.28
2024-03-14,25.5,31.0,20.8,71,0.0,0.0,1,1013.5,23.9,332,40137.16
2024-03-15,24.4,30.0,19.8,74,0.0,0.0,4,1012.6,16.9,322,40355.84
2024-03-16,24.5,30.4,19.0,75,0.0,0.0,39,1012.4,20.2,321,37567.57
2024-03-17,25.2,31.6,20.1,75,0.0,0.0,20,1012.4,18.8,319,38775.69
2024-03-18,25.9,31.5,21.9,79,0.0,0.0,33,1012.2,17.6,302,38310.83
2024-03-19,26.6,33.1,22.0,68,0.0,0.0,43,1012.0,21.4,329,36000.0
2024-03-20,29.0,38.0,21.2,31,0.0,0.0,5,1010.9,22.4,345,41444.94
2024-03-21,29.6,37.8,22.3,27,0.0,0.0,38,1009.4,18.9,344,41419.2
2024-03-22,27.2,33.8,22.1,68,0.0,0.0,5,1009.3,18.0,262,41393.52
2024-03-23,26.8,33.2,20.7,68,0.0,0.0,19,1009.5,18.7,319,41124.67
2024-03-24,26.7,31.8,21.3,75,0.0,0.0,37,1011.0,18.9,322,39600.0
2024-03-25,27.3,32.5,22.2,73,0.0,0.0,0,1011.3,20.3,328,41560.66
2024-03-26,27.5,34.2,21.2,71,0.0,0.0,2,1011.0,22.2,324,42022.54
2024-03-27,27.4,33.1,22.1,79,0.0,0.0,3,1012.5,22.3,309,41754.5
2024-03-28,27.6,33.0,22.7,78,0.0,0.0,20,1011.2,18.4,316,33068.74
2024-03-29,28.5,34.7,23.3,69,0.0,0.0,18,1010.0,19.9,320,40731.56
2024-03-30,28.4,34.2,23.5,66,0.0,0.0,20,1011.5,24.0,327,42170.25
2024-03-31,28.9,34.1,23.6,55,0.0,0.0,8,1012.3,24.0,332,41659.57
2024-04-01,28.3,33.8,24.4,68,0.0,0.0,41,1009.9,20.0,325,42612.99
2024-04-02,27.3,33.2,21.3,72,0.0,0.0,58,1008.7,19.0,317,42894.93
2024-04-03,27.1,33.4,21.5,70,0.0,0.0,30,1009.6,20.6,318,42943.12
2024-04-04,27.6,32.9,22.2,71,0.0,0.0,52,1010.1,21.4,324,42793.32
2024-04-05,29.2,35.4,23.2,62,0.0,0.0,46,1009.1,26.7,330,43039.94
2024-04-06,31.0,36.8,25.8,44,0.0,0.0,19,1008.0,28.4,335,43088.46
2024-04-07,30.0,36.5,25.8,47,0.0,0.0,2,1008.1,26.0,327,43136.96
2024-04-08,27.7,33.4,21.9,67,0.0,0.0,0,1008.6,19.8,316,43185.35
2024-04-09,27.7,34.2,21.7,74,0.0,0.0,26,1009.0,19.0,308,43200.0
2024-04-10,27.6,33.4,23.3,77,0.0,0.0,15,1009.1,20.2,299,41794.55
2024-04-11,27.8,33.5,22.6,73,0.0,0.0,19,1009.4,18.8,308,43200.0
2024-04-12,27.7,33.8,23.2,67,0.0,0.0,21,1009.4,17.6,306,43200.0
2024-04-13,26.7,31.5,22.6,73,0.0,0.0,17,1010.0,17.7,305,43200.0
2024-04-14,27.3,32.6,21.7,79,0.0,0.0,11,1010.5,23.8,320,43200.0
2024-04-15,31.0,36.3,24.4,65,0.0,0.0,8,1009.7,21.7,326,43200.0
2024-04-16,34.0,41.3,27.8,47,0.0,0.0,22,1008.1,21.6,338,43200.0
2024-04-17,30.8,33.8,27.9,66,0.0,0.0,25,1008.4,18.2,223,41838.51
2024-04-18,30.5,34.3,27.1,73,0.0,0.0,44,1008.1,21.3,276,42161.06
2024-04-19,30.9,35.7,26.5,64,0.0,0.0,17,1006.6,26.7,307,43200.0
2024-04-20,30.5,35.7,26.1,59,0.0,0.0,13,1007.1,27.0,326,41821.14
2024-04-21,29.6,34.0,24.3,61,0.0,0.0,19,1007.8,26.0,327,42698.68
2024-04-22,29.7,34.3,25.8,66,0.0,0.0,23,1008.5,24.4,325,43200.0
2024-04-23,29.2,34.4,24.3,68,0.0,0.0,2,1007.4,23.5,322,43200.0
2024-04-24,29.0,33.9,23.8,72,0.0,0.0,7,1006.6,22.3,319,43025.31
2024-04-25,29.4,34.4,24.7,68,0.0,0.0,9,1007.0,25.5,319,42242.29
2024-04-26,30.1,35.2,25.7,65,0.0,0.0,15,1006.9,22.1,322,42358.14
2024-04-27,31.0,36.1,26.1,60,0.0,0.0,11,1006.7,23.4,329,41953.06
2024-04-28,33.0,39.4,27.1,47,0.0,0.0,1,1006.5,27.2,334,43200.0
2024-04-29,32.6,38.2,26.8,44,0.0,0.0,12,1007.8,26.6,331,43200.0
2024-04-30,31.8,37.6,25.8,53,0.0,0.0,2,1006.8,27.0,325,43200.0
2024-05-01,29.5,34.5,25.1,64,0.0,0.0,15,1006.0,20.0,302,43200.0
2024-05-02,28.7,33.4,24.3,69,0.0,0.0,1,1006.3,20.5,280,43200.0
2024-05-03,28.0,33.2,23.3,77,0.0,0.0,10,1007.6,20.2,303,42807.57
2024-05-04,28.8,33.2,24.1,80,0.0,0.0,41,1008.3,21.9,303,42438.2
2024-05-05,29.8,34.7,24.9,74,0.0,0.0,4,1006.6,23.5,310,43200.0
2024-05-06,29.2,33.2,25.5,78,0.0,0.0,7,1007.6,20.7,305,43200.0
2024-05-07,29.3,33.4,25.5,77,0.0,0.0,15,1008.5,20.4,276,43200.0
2024-05-08,29.6,33.0,26.5,74,0.0,0.0,15,1008.0,24.4,284,43200.0
2024-05-09,29.6,32.9,26.3,77,0.0,0.0,20,1007.2,20.3,294,43200.0
2024-05-10,29.5,33.2,26.2,76,0.0,0.0,12,1008.3,19.9,296,43200.0
2024-05-11,29.7,33.6,26.3,78,0.0,0.0,12,1008.9,23.9,316,43200.0
2024-05-12,30.3,33.9,27.1,75,0.0,0.0,18,1008.9,22.4,319,43200.0
2024-05-13,30.4,34.8,27.5,73,1.8,1.8,18,1008.4,22.5,331,43200.0
2024-05-14,31.3,37.6,27.5,64,0.0,0.0,4,1007.7,23.7,319,43200.0
2024-05-15,31.3,36.0,26.7,69,0.0,0.0,3,1008.0,21.1,306,43200.0
2024-05-16,32.3,38.9,27.2,66,0.1,0.1,16,1008.0,18.1,267,41762.81
2024-05-17,31.5,36.3,28.3,67,0.0,0.0,30,1007.2,17.3,254,43200.0
2024-05-18,31.1,34.7,27.7,79,0.0,0.0,9,1005.2,17.3,265,43200.0
2024-05-19,30.8,34.1,26.5,77,5.6,5.6,25,1003.3,19.3,261,40987.35
2024-05-20,31.5,35.1,29.1,74,0.0,0.0,58,1003.7,21.2,251,43200.0
2024-05-21,31.7,35.4,28.5,75,0.1,0.1,69,1003.4,21.9,272,39489.85
2024-05-22,31.4,34.5,28.9,77,0.3,0.3,58,1003.0,18.7,274,39600.0
2024-05-23,31.0,34.2,28.0,78,0.0,0.0,22,1002.2,24.2,268,43200.0
2024-05-24,30.9,34.7,28.1,76,0.2,0.2,24,1002.3,18.4,266,43200.0
2024-05-25,30.8,33.7,28.6,73,0.7,0.7,64,1003.6,19.4,272,41227.19
2024-05-26,31.1,33.4,29.1,69,0.5,0.5,80,1004.5,21.3,274,40132.71
2024-05-27,30.8,33.6,29.3,72,0.5,0.5,88,1004.2,21.3,268,21846.71
2024-05-28,31.1,33.7,28.9,70,0.6,0.6,88,1004.5,21.3,258,40636.24
2024-05-29,31.4,34.0,29.2,64,0.4,0.4,63,1004.6,23.4,245,42442.76
2024-05-30,31.6,34.6,29.0,65,0.2,0.2,35,1005.5,19.2,259,43200.0
2024-05-31,30.7,34.4,28.0,79,0.6,0.6,25,1006.3,19.5,269,42175.99
2024-06-01,30.9,34.1,27.6,74,0.8,0.8,46,1006.1,18.7,266,43200.0
2024-06-02,31.2,34.5,28.1,69,0.3,0.3,80,1006.3,17.9,271,42877.96
2024-06-03,31.5,34.2,28.7,70,0.7,0.7,98,1006.5,15.5,273,40892.01
2024-06-04,30.0,33.5,27.8,77,4.8,4.8,80,1007.1,15.9,211,30136.3
2024-06-05,29.5,33.8,26.5,78,6.7,6.7,97,1007.4,16.5,213,38031.39
2024-06-06,29.8,34.1,26.5,78,1.2,1.2,88,1008.0,17.3,264,32400.0
2024-06-07,30.4,33.6,28.0,74,1.1,1.1,100,1006.2,18.0,302,25052.67
2024-06-08,29.9,34.4,26.5,74,6.3,6.3,84,1005.0,20.0,305,35273.36
2024-06-09,28.7,31.6,26.0,81,23.0,23.0,98,1004.9,13.6,290,8140.47
2024-06-10,27.1,29.8,25.7,87,33.2,33.2,100,1006.3,14.7,246,6666.88
2024-06-11,27.7,30.2,25.7,87,10.8,10.8,96,1006.8,13.5,246,26111.33
2024-06-12,27.7,30.0,25.6,86,14.3,14.3,95,1007.6,16.1,219,27318.2
2024-06-13,27.5,30.0,26.2,86,13.6,13.6,83,1007.2,17.7,216,32400.0
2024-06-14,27.0,29.2,25.8,86,8.6,8.6,82,1006.4,18.3,200,32788.98
2024-06-15,27.7,29.8,25.8,83,2.2,2.2,74,1005.6,18.9,188,41405.85
2024-06-16,28.5,31.0,26.2,81,1.4,1.4,91,1005.8,15.0,210,39389.78
2024-06-17,28.3,31.6,26.6,83,7.4,7.4,98,1006.1,18.6,202,28215.85
2024-06-18,27.3,29.8,26.2,87,30.3,30.3,99,1005.9,20.8,212,19970.84
2024-06-19,27.4,29.2,26.0,85,23.3,23.3,99,1004.0,18.9,218,8062.46
2024-06-20,27.2,28.5,26.1,88,48.6,48.6,100,1003.1,20.7,213,6598.17
2024-06-21,27.7,31.1,24.9,86,22.9,22.9,82,1003.6,20.9,220,34382.49
2024-06-22,27.5,30.2,25.3,85,5.3,5.3,81,1002.5,16.8,209,31950.44
2024-06-23,27.8,29.8,25.8,86,4.2,4.2,100,1001.5,16.6,208,23857.85
2024-06-24,27.7,29.7,26.0,86,11.3,11.3,92,999.7,18.0,199,31254.75
2024-06-25,28.1,30.6,26.2,85,6.8,6.8,99,998.0,31.7,174,37321.61
2024-06-26,27.9,30.5,26.9,87,23.0,23.0,91,998.0,29.9,204,23636.43
2024-06-27,27.1,28.8,26.5,90,98.7,98.7,100,1000.6,27.5,211,16380.9
2024-06-28,27.1,28.2,26.0,89,45.3,45.3,100,1001.9,27.8,206,6313.4
2024-06-29,27.5,30.1,25.9,87,21.3,21.3,98,1003.0,26.2,198,28462.44
2024-06-30,27.7,29.4,26.2,87,21.3,21.3,100,1003.4,30.6,212,10184.68
2024-07-01,28.2,30.6,26.8,82,16.3,16.3,97,1002.3,36.4,223,25974.73
2024-07-02,28.6,30.4,26.1,82,8.1,8.1,98,1001.7,32.0,233,16529.92
2024-07-03,28.6,30.1,26.3,84,8.9,8.9,93,1002.7,28.6,228,26892.22
2024-07-04,27.8,29.0,26.6,85,8.7,8.7,99,1004.0,24.3,227,15218.69
2024-07-05,27.4,29.1,25.9,87,12.2,12.2,100,1002.2,23.0,225,19078.71
2024-07-06,27.6,29.5,25.8,85,17.6,17.6,100,1001.3,26.7,234,8735.63
2024-07-07,27.3,29.2,25.7,88,11.8,11.8,100,1002.4,20.9,229,230.22
2024-07-08,26.8,28.5,25.7,89,20.7,20.7,100,1002.5,17.2,218,9129.49
2024-07-09,26.1,27.0,25.5,92,80.2,80.2,100,1003.4,22.1,224,635.77
2024-07-10,26.6,28.8,25.2,88,36.0,36.0,95,1006.1,21.3,208,28567.93
2024-07-11,26.4,28.8,24.6,90,39.1,39.1,99,1005.8,21.6,231,8285.54
2024-07-12,26.0,26.9,25.2,92,83.3,83.3,100,1003.9,21.0,247,0.0
2024-07-13,25.9,26.6,25.2,92,76.7,76.7,100,1003.4,27.6,244,1459.03
2024-07-14,25.6,26.6,24.5,93,50.5,50.5,100,1001.8,24.5,255,818.56
2024-07-15,26.4,28.1,24.9,89,10.2,10.2,100,1001.1,14.8,239,21573.96
2024-07-16,26.6,29.1,25.3,90,17.6,17.6,98,1000.4,20.0,214,14400.0
2024-07-17,26.5,27.7,25.8,90,45.3,45.3,100,1002.0,23.9,228,190.09
2024-07-18,26.4,28.1,25.7,91,57.6,57.6,100,1002.6,26.4,236,11057.32
2024-07-19,26.3,27.3,25.7,91,48.3,48.3,100,1000.8,26.9,234,2214.31
2024-07-20,26.3,27.7,25.9,90,87.0,87.0,100,1001.4,27.5,232,6820.43
2024-07-21,26.4,27.1,25.9,90,48.9,48.9,100,1001.8,27.2,238,0.0
2024-07-22,26.3,26.9,25.7,90,54.7,54.7,100,1003.7,28.1,237,0.0
2024-07-23,26.2,26.6,25.5,90,42.1,42.1,100,1004.6,29.0,242,0.0
2024-07-24,26.2,27.0,25.5,90,54.4,54.4,100,1002.2,32.4,248,0.0
2024-07-25,26.2,27.4,25.1,89,74.2,74.2,100,1001.2,33.6,261,0.0
2024-07-26,26.7,28.6,25.3,87,22.9,22.9,100,1002.5,27.7,255,3329.34
2024-07-27,27.2,28.8,25.8,83,8.2,8.2,100,1003.3,29.3,258,13678.37
2024-07-28,27.0,29.3,26.0,87,19.0,19.0,98,1001.0,27.1,260,12547.55
2024-07-29,26.4,27.7,25.7,89,34.2,34.2,99,999.8,25.4,247,2802.83
2024-07-30,26.6,28.2,25.2,89,17.4,17.4,97,1003.0,23.2,241,22749.39
2024-07-31,26.8,28.7,24.9,88,22.1,22.1,100,1005.4,20.8,248,20235.51
2024-08-01,26.9,29.4,25.1,86,15.8,15.8,100,1005.1,26.3,245,31323.33
2024-08-02,26.4,28.3,25.3,86,28.2,28.2,96,1004.8,29.2,241,27911.12
2024-08-03,26.3,27.5,25.6,87,24.5,24.5,100,1005.0,30.2,244,2493.3
2024-08-04,26.2,27.0,25.5,88,39.4,39.4,100,1005.5,27.8,245,0.0
2024-08-05,27.1,28.9,25.6,84,5.8,5.8,95,1006.4,24.0,231,36000.0
2024-08-06,27.0,28.7,25.5,84,5.2,5.2,86,1006.5,20.0,237,37815.27
2024-08-07,26.9,28.8,25.3,85,5.6,5.6,80,1006.6,19.2,253,39534.2
2024-08-08,26.8,28.7,25.5,83,4.2,4.2,92,1007.5,18.8,248,34176.76
2024-08-09,26.1,27.8,25.2,88,15.5,15.5,100,1008.5,16.0,252,0.0
2024-08-10,26.7,28.1,25.0,85,4.7,4.7,94,1008.3,18.7,259,26842.5
2024-08-11,27.2,29.2,25.9,82,2.4,2.4,83,1006.7,20.4,255,38001.94
2024-08-12,27.1,28.9,25.7,84,2.9,2.9,75,1006.5,21.5,248,38207.75
2024-08-13,27.0,28.8,25.4,85,3.6,3.6,73,1007.0,16.9,254,26888.61
2024-08-14,27.1,29.1,25.5,85,1.9,1.9,93,1007.0,16.1,286,39837.49
2024-08-15,27.3,29.4,25.4,84,1.2,1.2,92,1006.0,18.1,288,35970.85
2024-08-16,27.5,29.6,25.8,84,0.9,0.9,99,1004.9,16.6,266,39600.0
2024-08-17,27.5,29.6,25.7,85,0.5,0.5,99,1006.0,13.1,281,39426.13
2024-08-18,27.6,29.9,25.5,86,2.9,2.9,100,1006.6,13.7,324,17758.62
2024-08-19,27.1,29.1,25.5,89,16.7,16.7,97,1005.9,15.9,345,10745.39
2024-08-20,26.3,28.6,25.1,91,28.8,28.8,95,1005.6,13.1,350,13065.14
2024-08-21,27.6,30.3,25.3,87,0.2,0.2,96,1005.5,17.3,337,37430.63
2024-08-22,27.9,30.0,25.9,86,4.7,4.7,100,1005.0,15.8,206,32042.75
2024-08-23,26.9,28.5,25.9,90,16.0,16.0,100,1005.5,18.1,174,4096.85
2024-08-24,25.8,26.5,25.2,92,61.7,61.7,100,1006.5,20.9,274,0.0
2024-08-25,26.1,27.6,24.7,88,28.0,28.0,100,1005.5,26.0,259,5472.74
2024-08-26,26.1,27.0,24.4,87,22.6,22.6,100,1003.9,28.1,252,0.0
2024-08-27,26.0,27.6,24.8,87,17.9,17.9,100,1004.7,31.1,222,32508.71
2024-08-28,26.8,28.9,25.1,85,14.4,14.4,91,1005.5,32.1,225,30331.06
2024-08-29,27.3,29.0,26.1,84,5.1,5.1,78,1004.8,25.3,225,35293.97
2024-08-30,26.9,29.0,25.2,85,6.5,6.5,84,1006.0,19.8,216,36515.45
2024-08-31,27.0,28.9,25.3,85,2.1,2.1,91,1007.2,12.9,246,33213.23
2024-09-01,26.7,27.8,25.3,85,2.3,2.3,100,1006.9,13.2,292,1875.41
2024-09-02,26.1,27.3,24.9,90,29.6,29.6,100,1005.7,19.5,298,0.0
2024-09-03,26.0,27.3,24.8,89,13.0,13.0,100,1006.5,16.0,268,3138.73
2024-09-04,26.3,28.3,25.1,88,17.1,17.1,98,1007.4,19.4,258,26243.35
2024-09-05,26.3,28.3,25.2,88,27.9,27.9,96,1006.0,23.4,264,28013.0
2024-09-06,26.5,28.4,25.1,86,14.7,14.7,76,1006.9,21.3,261,38122.92
2024-09-07,26.4,28.3,25.2,87,10.0,10.0,85,1007.6,17.2,254,40812.22
2024-09-08,26.5,28.7,24.9,86,4.2,4.2,70,1007.6,14.9,237,35555.43
2024-09-09,26.7,28.8,25.0,85,2.0,2.0,86,1005.3,16.4,250,40845.6
2024-09-10,26.6,28.5,25.0,86,3.9,3.9,95,1004.5,17.6,248,23588.85
2024-09-11,26.3,28.2,24.9,86,4.6,4.6,98,1005.6,18.5,224,38572.98
2024-09-12,26.3,28.4,24.9,86,8.2,8.2,97,1007.4,17.9,231,37329.83
2024-09-13,26.3,28.6,24.7,83,4.5,4.5,72,1007.8,19.2,228,39804.34
2024-09-14,25.2,27.9,23.8,87,9.1,9.1,76,1007.7,16.7,221,35604.46
2024-09-15,25.3,27.4,23.5,87,3.9,3.9,69,1008.3,13.4,229,36335.17
2024-09-16,26.1,28.7,23.8,87,2.4,2.4,70,1008.8,14.6,226,37121.79
2024-09-17,26.0,28.9,23.1,84,0.2,0.2,35,1009.0,15.6,318,41461.01
2024-09-18,26.2,29.2,23.4,83,0.8,0.8,37,1007.0,13.0,248,43182.07
2024-09-19,27.1,29.5,24.6,81,1.0,1.0,38,1007.4,12.8,257,42303.87
2024-09-20,26.3,28.4,23.3,87,5.2,5.2,61,1007.8,15.9,217,39591.01
2024-09-21,27.0,29.7,23.9,83,1.9,1.9,51,1008.5,15.8,317,41725.6
2024-09-22,27.3,29.7,25.1,83,2.2,2.2,48,1007.7,18.5,331,42950.66
2024-09-23,27.3,28.9,26.1,87,5.7,5.7,94,1006.6,17.6,334,25502.76
2024-09-24,26.4,29.0,24.7,91,23.1,23.1,91,1004.9,22.7,343,30379.6
2024-09-25,26.0,28.0,24.3,92,36.4,36.4,100,1004.2,20.6,328,2674.29
2024-09-26,25.6,26.6,24.5,94,48.0,48.0,100,1003.2,18.7,233,0.0
2024-09-27,26.0,26.8,25.5,90,61.7,61.7,100,1004.8,28.1,250,4740.45
2024-09-28,26.6,28.1,24.9,86,5.8,5.8,98,1008.0,17.9,239,31055.51
2024-09-29,26.6,28.7,25.0,88,4.6,4.6,57,1010.1,14.8,246,38788.28
2024-09-30,27.1,29.7,24.7,88,1.6,1.6,30,1010.1,15.2,322,41436.18
2024-10-01,27.9,31.5,25.0,89,0.6,0.6,38,1008.1,15.7,340,38163.28
2024-10-02,27.9,30.7,26.1,91,1.3,1.3,73,1008.8,15.0,277,36479.9
2024-10-03,27.5,30.1,25.4,87,1.4,1.4,78,1009.3,15.7,266,39607.95
2024-10-04,27.2,29.5,25.3,86,1.4,1.4,75,1009.2,14.4,285,42095.1
2024-10-05,26.6,29.5,24.3,86,1.1,1.1,36,1009.7,14.7,321,40171.64
2024-10-06,26.9,31.3,24.3,86,21.4,21.4,27,1009.7,17.9,3,39361.09
2024-10-07,28.1,31.6,24.8,84,0.6,0.6,24,1009.8,13.7,353,41582.13
2024-10-08,28.4,32.2,25.2,85,0.0,0.0,23,1010.0,14.1,234,41349.42
2024-10-09,26.8,29.1,25.1,88,6.4,6.4,99,1008.7,18.9,88,181.0
2024-10-10,26.7,29.7,24.4,86,6.4,6.4,97,1006.9,15.9,62,22300.49
2024-10-11,27.4,31.5,25.0,83,22.0,22.0,100,1006.4,15.7,111,28661.47
2024-10-12,27.5,31.4,24.3,86,0.7,0.7,87,1007.6,11.5,98,34963.58
2024-10-13,27.4,30.6,24.8,86,2.0,2.0,59,1008.7,10.9,148,38082.21
2024-10-14,26.8,31.6,24.2,87,5.2,5.2,63,1009.2,16.0,40,39085.14
2024-10-15,26.7,29.6,24.4,87,0.0,0.0,84,1009.4,11.9,153,23940.78
2024-10-16,27.2,30.7,24.7,88,8.6,8.6,85,1008.6,12.5,80,27132.82
2024-10-17,27.1,29.0,25.3,91,2.9,2.9,99,1007.9,12.3,314,9534.03
2024-10-18,27.7,31.9,24.7,85,12.4,12.4,99,1007.7,13.4,159,26174.27
2024-10-19,26.3,30.1,24.0,88,7.9,7.9,77,1010.2,12.1,113,34283.13
2024-10-20,26.4,29.8,24.0,87,6.8,6.8,78,1011.0,8.2,107,38023.17
2024-10-21,26.9,30.4,23.9,85,13.3,13.3,70,1011.0,8.8,93,38558.65
2024-10-22,26.6,30.3,23.6,87,7.3,7.3,61,1010.9,12.3,23,36845.58
2024-10-23,27.3,31.4,24.2,85,0.0,0.0,17,1010.3,14.8,1,38383.38
2024-10-24,28.1,32.5,24.5,75,0.0,0.0,38,1009.9,14.9,12,39674.18
2024-10-25,27.0,31.1,22.6,74,0.0,0.0,70,1010.0,12.5,355,39704.5
2024-10-26,26.9,32.5,22.1,68,0.0,0.0,29,1010.2,17.0,2,39250.6
2024-10-27,26.9,31.6,22.1,78,0.0,0.0,30,1009.0,15.9,343,39289.3
2024-10-28,27.1,31.8,23.1,83,0.0,0.0,22,1007.6,16.2,336,38066.07
2024-10-29,27.6,31.2,24.5,87,0.0,0.0,47,1008.8,13.7,287,36587.51
2024-10-30,27.7,32.7,24.1,83,0.0,0.0,20,1009.7,12.5,13,38140.69
2024-10-31,28.3,32.4,24.1,75,0.0,0.0,6,1010.3,15.2,343,38430.58
2024-11-01,27.9,31.3,24.5,82,0.3,0.3,4,1011.7,14.1,266,37958.97
2024-11-02,28.0,33.1,24.2,76,0.0,0.0,27,1011.9,17.5,358,36721.17
2024-11-03,28.0,34.2,22.3,65,0.0,0.0,0,1011.6,16.6,14,38794.01
2024-11-04,27.9,34.1,22.8,60,0.0,0.0,2,1010.8,19.7,24,38574.63
2024-11-05,28.2,34.3,22.7,60,0.0,0.0,1,1011.4,15.8,49,38609.71
2024-11-06,27.9,33.7,22.0,61,0.0,0.0,7,1012.3,17.7,355,38388.17
2024-11-07,27.4,33.5,21.6,57,0.0,0.0,0,1012.1,16.1,10,38678.49
2024-11-08,27.7,33.8,22.2,58,0.0,0.0,0,1011.8,17.2,25,38281.66
2024-11-09,27.7,34.1,22.0,58,0.0,0.0,0,1011.9,17.9,31,38302.85
2024-11-10,27.6,33.7,21.7,56,0.0,0.0,0,1011.9,20.3,11,38066.56
2024-11-11,27.9,33.3,22.9,47,0.0,0.0,0,1011.8,20.6,26,38088.1
2024-11-12,27.8,33.5,22.3,53,0.0,0.0,0,1011.1,17.9,36,37851.21
2024-11-13,28.5,34.8,23.4,49,0.0,0.0,3,1009.4,12.6,31,37872.93
2024-11-14,29.1,35.4,23.0,46,0.0,0.0,39,1010.4,10.7,33,37375.76
2024-11-15,29.0,33.9,25.1,58,0.3,0.3,65,1011.5,10.5,350,36357.14
2024-11-16,29.2,34.4,25.4,65,0.0,0.0,29,1010.7,14.2,343,36897.82
2024-11-17,29.7,35.8,25.7,58,0.0,0.0,6,1010.3,14.5,3,36918.67
2024-11-18,28.9,34.8,24.2,52,0.0,0.0,0,1011.3,12.3,21,37205.46
2024-11-19,27.6,33.9,22.1,45,0.0,0.0,0,1012.5,14.1,22,37232.43
2024-11-20,26.9,33.1,22.0,47,0.0,0.0,0,1012.1,13.5,33,37258.82
2024-11-21,26.7,33.1,21.4,49,0.0,0.0,3,1011.8,12.8,15,37022.2
2024-11-22,26.5,32.7,20.9,54,0.0,0.0,2,1011.3,12.6,346,37046.95
2024-11-23,26.5,32.0,21.6,56,0.0,0.0,30,1012.2,10.1,353,36807.8
2024-11-24,26.9,33.0,21.7,56,0.0,0.0,69,1012.3,12.0,349,36802.84
2024-11-25,26.7,32.9,21.4,54,0.0,0.0,72,1011.9,13.0,18,36325.1
2024-11-26,26.3,32.3,20.7,45,0.0,0.0,72,1011.8,13.5,31,36610.09
2024-11-27,26.2,32.6,20.4,42,0.0,0.0,13,1011.0,13.1,28,36630.32
2024-11-28,26.4,32.1,19.9,35,0.0,0.0,14,1011.0,11.3,45,36649.62
2024-11-29,25.3,31.4,20.3,42,0.0,0.0,19,1011.2,14.4,18,36668.19
2024-11-30,25.1,31.4,19.9,43,0.0,0.0,62,1009.9,12.2,16,36420.54
2024-12-01,25.8,32.6,20.5,52,0.0,0.0,89,1008.1,13.3,5,36000.0
2024-12-02,27.6,33.8,22.8,57,0.0,0.0,76,1007.5,12.3,6,36000.0
2024-12-03,28.9,33.6,25.6,59,0.2,0.2,75,1008.9,14.5,17,36000.0
2024-12-04,29.4,34.2,26.5,66,0.2,0.2,74,1009.8,13.4,23,31666.37
2024-12-05,29.2,34.3,25.8,69,0.0,0.0,33,1010.7,10.4,335,36000.0
2024-12-06,28.5,32.7,25.2,65,0.0,0.0,38,1010.8,12.8,336,36000.0
2024-12-07,27.6,32.8,24.3,51,0.0,0.0,43,1010.6,15.6,343,36000.0
2024-12-08,25.4,31.1,21.2,44,0.0,0.0,72,1011.3,13.5,353,36000.0
2024-12-09,24.9,30.9,20.4,36,0.0,0.0,49,1011.5,16.2,3,36281.93
2024-12-10,25.1,31.4,20.4,48,0.0,0.0,55,1011.2,11.0,5,36000.0
2024-12-11,26.3,33.6,21.2,57,0.0,0.0,31,1011.5,12.3,18,36000.0
2024-12-12,25.3,31.1,20.5,60,0.0,0.0,8,1011.4,14.5,350,36000.0
2024-12-13,25.9,32.3,21.2,51,0.0,0.0,79,1011.8,12.0,24,36206.49
2024-12-14,25.9,32.9,20.1,43,0.0,0.0,53,1012.7,11.5,42,36195.97
2024-12-15,25.5,33.2,19.0,44,0.0,0.0,19,1013.6,10.3,29,36185.02
2024-12-16,24.9,32.4,18.3,44,0.0,0.0,3,1012.6,11.9,4,36443.0
2024-12-17,24.0,30.8,17.8,49,0.0,0.0,39,1011.5,12.3,343,36161.99
2024-12-18,24.3,32.2,18.2,56,0.0,0.0,15,1010.7,10.6,356,36419.38
2024-12-19,23.6,29.7,17.9,69,0.0,0.0,20,1010.8,11.4,333,36406.58
2024-12-20,23.3,28.2,19.6,72,0.0,0.0,6,1011.0,13.2,331,36392.98
2024-12-21,23.5,27.9,19.2,75,0.0,0.0,3,1011.3,10.5,285,36108.95
2024-12-22,24.0,27.8,20.9,77,0.0,0.0,30,1011.9,12.0,318,36000.0
2024-12-23,23.8,27.3,21.2,71,0.0,0.0,25,1012.2,14.7,339,35499.41
2024-12-24,23.9,28.5,20.6,60,0.0,0.0,21,1012.3,16.1,343,36061.92
2024-12-25,24.0,28.7,20.3,61,0.0,0.0,12,1013.1,14.1,342,36314.83
2024-12-26,24.9,29.6,21.5,68,0.0,0.0,22,1014.6,12.9,338,36297.51
2024-12-27,24.7,28.2,21.7,70,0.0,0.0,9,1014.9,14.5,337,36279.75
2024-12-28,25.0,29.9,21.7,68,0.3,0.3,19,1015.0,14.0,350,36261.59
2024-12-29,25.7,30.4,22.2,69,0.0,0.0,16,1014.7,12.3,347,32928.52
2024-12-30,26.9,32.6,23.4,63,0.0,0.0,1,1014.4,11.7,355,36762.96
2024-12-31,27.2,33.2,22.8,59,0.0,0.0,0,1014.7,12.4,351,37012.91
